Pipe_Size_mm,Thickness_mm,Material,Grade,Max_Pressure_psi,Temperature_C,Corrosion_Impact_Percent,Thickness_Loss_mm,Material_Loss_Percent,Time_Years,Condition
800,15.48,Carbon Steel,ASTM A333 Grade 6,300,84.9,16.04,4.91,31.72,2,Moderate
800,22.0,PVC,ASTM A106 Grade B,150,14.1,7.38,7.32,33.27,4,Critical
400,12.05,Carbon Steel,API 5L X52,2500,0.6,2.12,6.32,52.45,7,Critical
1500,38.72,Carbon Steel,API 5L X42,1500,52.7,5.58,6.2,16.01,19,Critical
1500,24.32,HDPE,API 5L X65,1500,11.7,12.29,8.58,35.28,20,Critical
600,16.75,Fiberglass,API 5L X52,600,67.3,2.06,5.21,31.1,11,Critical
200,9.94,Carbon Steel,ASTM A106 Grade B,1500,89.6,1.34,5.86,58.95,6,Critical
300,13.87,Carbon Steel,ASTM A106 Grade B,900,40.8,5.57,3.02,21.77,21,Moderate
150,8.86,Fiberglass,API 5L X65,300,3.2,13.84,2.47,27.88,19,Moderate
800,25.78,Stainless Steel,ASTM A333 Grade 6,150,11.6,18.68,0.53,2.06,1,Normal
300,11.52,Stainless Steel,ASTM A333 Grade 6,900,100.4,12.23,8.8,76.39,13,Critical
1000,20.58,PVC,API 5L X65,900,67.5,14.33,7.32,35.57,6,Critical
300,13.03,Stainless Steel,ASTM A106 Grade B,600,9.7,14.93,0.85,6.52,6,Normal
150,5.19,HDPE,ASTM A333 Grade 6,300,43.6,16.02,6.12,117.92,13,Critical
300,15.48,Carbon Steel,API 5L X42,600,63.4,13.65,9.21,59.5,7,Critical
100,6.0,Fiberglass,API 5L X65,1500,60.1,18.79,7.01,116.83,21,Critical
600,10.56,Stainless Steel,ASTM A106 Grade B,1500,145.1,11.2,1.61,15.25,8,Normal
300,10.87,PVC,ASTM A333 Grade 6,900,63.9,10.99,0.04,0.37,18,Normal
100,7.21,PVC,ASTM A106 Grade B,600,13.6,4.51,3.16,43.83,22,Moderate
100,5.49,Carbon Steel,API 5L X42,900,52.6,16.25,4.23,77.05,13,Moderate
300,11.14,Stainless Steel,ASTM A106 Grade B,900,33.0,16.23,9.67,86.8,24,Critical
100,5.68,Carbon Steel,ASTM A106 Grade B,1500,45.3,12.17,7.59,133.63,10,Critical
1000,32.89,Stainless Steel,ASTM A333 Grade 6,600,56.9,4.01,0.84,2.55,7,Normal
250,12.89,Carbon Steel,ASTM A106 Grade B,300,145.6,2.45,4.19,32.51,16,Moderate
1000,32.87,Stainless Steel,ASTM A333 Grade 6,600,21.6,17.26,8.39,25.52,3,Critical
1500,28.73,HDPE,ASTM A106 Grade B,300,117.3,4.55,1.97,6.86,12,Normal
100,4.62,HDPE,API 5L X42,1500,52.5,16.62,1.79,38.74,3,Normal
150,6.81,Fiberglass,API 5L X65,1500,62.4,16.1,5.52,81.06,4,Critical
1500,30.19,Stainless Steel,ASTM A106 Grade B,150,109.0,13.0,0.22,0.73,14,Normal
1000,24.79,HDPE,ASTM A333 Grade 6,1500,4.7,4.65,4.76,19.2,17,Moderate
250,7.16,HDPE,API 5L X42,2500,-23.1,10.24,4.96,69.27,14,Moderate
150,5.97,PVC,ASTM A106 Grade B,150,35.4,14.28,0.2,3.35,24,Normal
250,13.7,Carbon Steel,API 5L X65,2500,18.3,0.28,5.94,43.36,13,Critical
300,9.65,Carbon Steel,API 5L X42,900,58.2,16.16,5.04,52.23,19,Critical
50,4.55,PVC,ASTM A333 Grade 6,600,51.7,14.89,8.91,195.82,1,Critical
50,4.05,PVC,ASTM A333 Grade 6,150,63.0,16.94,9.53,235.31,1,Critical
50,4.11,Fiberglass,API 5L X65,150,44.5,7.24,3.39,82.48,15,Moderate
150,8.15,PVC,ASTM A106 Grade B,150,-23.9,2.62,0.2,2.45,5,Normal
1000,17.26,Fiberglass,ASTM A333 Grade 6,1500,-8.0,1.79,5.56,32.21,9,Critical
250,7.17,Fiberglass,ASTM A333 Grade 6,150,84.7,16.86,2.91,40.59,14,Moderate
1200,24.53,Fiberglass,ASTM A333 Grade 6,600,62.4,16.22,4.93,20.1,10,Moderate
600,17.32,Carbon Steel,API 5L X65,150,59.8,0.84,7.74,44.69,1,Critical
1000,30.64,Carbon Steel,ASTM A106 Grade B,2500,148.7,3.25,1.06,3.46,11,Normal
100,5.96,Stainless Steel,ASTM A106 Grade B,150,116.7,2.42,0.45,7.55,23,Normal
400,12.67,Carbon Steel,API 5L X42,150,0.1,17.04,0.37,2.92,5,Normal
800,21.57,Carbon Steel,ASTM A333 Grade 6,150,-4.3,10.97,6.17,28.6,9,Critical
50,3.6,Fiberglass,API 5L X42,2500,20.2,15.29,7.69,213.61,2,Critical
1500,21.15,PVC,API 5L X65,600,109.7,18.84,0.93,4.4,1,Normal
800,29.98,PVC,API 5L X52,1500,9.8,14.24,1.84,6.14,5,Normal
800,28.85,Stainless Steel,API 5L X65,2500,57.3,6.62,9.51,32.96,19,Critical
600,12.82,HDPE,ASTM A333 Grade 6,300,54.9,2.95,9.19,71.68,15,Critical
150,6.12,Carbon Steel,API 5L X52,1500,42.6,12.29,6.31,103.1,17,Critical
1500,34.37,Carbon Steel,API 5L X42,900,64.9,17.54,0.83,2.41,25,Normal
100,6.71,Fiberglass,API 5L X65,300,28.6,12.61,0.59,8.79,19,Normal
800,18.86,Fiberglass,API 5L X42,900,16.9,12.16,3.96,21.0,11,Moderate
250,12.79,Fiberglass,ASTM A106 Grade B,2500,16.8,18.35,0.02,0.16,21,Normal
1200,24.48,HDPE,ASTM A333 Grade 6,900,30.8,4.34,6.35,25.94,1,Critical
50,5.73,HDPE,ASTM A333 Grade 6,1500,136.8,16.74,3.89,67.89,4,Moderate
600,28.18,Carbon Steel,API 5L X52,1500,-28.3,0.69,1.67,5.93,1,Normal
1500,36.91,PVC,API 5L X65,2500,77.7,18.28,9.53,25.82,9,Critical
600,10.56,HDPE,API 5L X52,150,58.6,0.2,6.37,60.32,13,Critical
500,24.81,PVC,ASTM A333 Grade 6,300,8.8,5.78,0.87,3.51,19,Normal
800,19.87,Stainless Steel,ASTM A106 Grade B,600,20.3,7.6,4.65,23.4,7,Moderate
1000,31.7,Carbon Steel,API 5L X52,600,38.8,0.09,4.1,12.93,11,Moderate
300,14.23,HDPE,ASTM A106 Grade B,900,77.8,16.27,1.51,10.61,14,Normal
600,28.35,Stainless Steel,ASTM A106 Grade B,150,37.4,14.36,9.06,31.96,2,Critical
1000,33.18,PVC,API 5L X52,2500,51.3,9.27,3.64,10.97,25,Moderate
400,13.52,HDPE,API 5L X65,900,87.1,4.63,0.36,2.66,5,Normal
300,17.13,PVC,API 5L X65,150,77.4,5.6,6.28,36.66,9,Critical
100,4.43,Fiberglass,API 5L X42,150,-38.9,17.62,5.55,125.28,5,Critical
500,22.0,Fiberglass,API 5L X65,900,28.7,10.3,0.18,0.82,16,Normal
50,4.71,Fiberglass,ASTM A106 Grade B,300,29.2,2.9,9.97,211.68,13,Critical
50,5.89,Carbon Steel,ASTM A333 Grade 6,1500,-12.3,12.98,4.68,79.46,21,Moderate
150,6.26,PVC,ASTM A333 Grade 6,150,61.2,4.65,5.72,91.37,23,Critical
300,8.07,Fiberglass,API 5L X52,600,-19.0,4.41,3.18,39.41,6,Moderate
300,16.31,Carbon Steel,ASTM A333 Grade 6,2500,-37.4,4.32,5.54,33.97,25,Critical
300,14.96,Carbon Steel,API 5L X52,2500,27.6,14.19,0.63,4.21,2,Normal
300,9.27,HDPE,ASTM A333 Grade 6,1500,30.6,16.91,0.33,3.56,12,Normal
500,14.33,HDPE,ASTM A333 Grade 6,300,39.9,10.63,0.23,1.61,9,Normal
250,6.79,Stainless Steel,ASTM A106 Grade B,1500,79.5,3.85,3.79,55.82,22,Moderate
50,4.96,HDPE,API 5L X42,2500,35.6,13.87,7.04,141.94,2,Critical
250,12.43,Fiberglass,ASTM A333 Grade 6,1500,-31.1,4.23,2.92,23.49,14,Moderate
500,13.73,Fiberglass,ASTM A106 Grade B,2500,72.9,13.47,8.6,62.64,9,Critical
100,4.03,PVC,ASTM A106 Grade B,2500,70.0,3.71,0.59,14.64,8,Normal
500,24.1,Fiberglass,ASTM A333 Grade 6,900,2.1,18.06,0.47,1.95,22,Normal
100,7.55,Fiberglass,ASTM A106 Grade B,1500,109.9,7.63,7.12,94.3,10,Critical
1200,31.11,Carbon Steel,ASTM A333 Grade 6,2500,22.7,15.45,8.01,25.75,10,Critical
400,14.91,Stainless Steel,API 5L X42,2500,0.1,10.44,8.8,59.02,22,Critical
1200,27.92,HDPE,ASTM A333 Grade 6,1500,60.3,10.0,8.04,28.8,7,Critical
1000,20.11,Carbon Steel,ASTM A333 Grade 6,900,53.7,10.5,3.18,15.81,13,Moderate
200,6.69,Carbon Steel,API 5L X42,2500,129.8,9.16,6.56,98.06,7,Critical
300,11.47,Fiberglass,ASTM A333 Grade 6,900,137.9,6.96,5.22,45.51,14,Critical
1500,28.64,Stainless Steel,API 5L X52,2500,-24.8,2.35,2.39,8.34,10,Moderate
800,19.01,PVC,API 5L X65,1500,41.1,8.52,5.25,27.62,17,Critical
150,5.34,HDPE,API 5L X65,300,7.6,8.19,6.94,129.96,25,Critical
600,23.37,Stainless Steel,ASTM A333 Grade 6,900,68.5,2.53,8.45,36.16,22,Critical
600,14.07,Carbon Steel,API 5L X42,600,3.7,5.98,6.0,42.64,2,Critical
200,10.46,Carbon Steel,API 5L X65,1500,5.0,7.88,6.02,57.55,3,Critical
50,4.77,Carbon Steel,ASTM A333 Grade 6,1500,65.9,6.41,8.5,178.2,21,Critical
1500,32.08,PVC,ASTM A106 Grade B,2500,39.5,9.54,9.73,30.33,13,Critical
1000,26.09,HDPE,API 5L X42,2500,59.5,14.82,2.64,10.12,23,Moderate
200,8.99,PVC,API 5L X52,300,37.7,19.4,8.47,94.22,11,Critical
200,10.29,Stainless Steel,API 5L X42,300,127.4,14.07,2.59,25.17,12,Moderate
1200,31.05,Carbon Steel,ASTM A106 Grade B,1500,32.9,8.93,1.23,3.96,1,Normal
500,18.1,HDPE,API 5L X52,2500,103.7,17.81,1.45,8.01,13,Normal
50,4.77,HDPE,ASTM A333 Grade 6,150,13.4,0.28,7.41,155.35,7,Critical
1500,42.64,Fiberglass,ASTM A333 Grade 6,300,106.8,12.28,7.63,17.89,16,Critical
600,10.33,Stainless Steel,ASTM A106 Grade B,600,74.5,7.45,2.37,22.94,6,Moderate
300,14.32,Carbon Steel,API 5L X52,600,25.0,18.29,8.2,57.26,5,Critical
800,30.66,HDPE,API 5L X52,600,105.4,12.33,1.45,4.73,10,Normal
150,6.98,Carbon Steel,API 5L X52,300,51.1,15.43,4.03,57.74,8,Moderate
600,12.2,PVC,ASTM A106 Grade B,300,-11.6,15.77,2.18,17.87,19,Moderate
500,23.91,Fiberglass,ASTM A333 Grade 6,300,76.2,12.37,5.67,23.71,12,Critical
1200,32.57,PVC,API 5L X42,300,96.5,12.31,6.7,20.57,19,Critical
1000,24.79,PVC,API 5L X42,600,14.4,0.88,6.86,27.67,2,Critical
250,10.21,Stainless Steel,ASTM A333 Grade 6,600,32.1,6.22,4.53,44.37,21,Moderate
800,14.17,Fiberglass,API 5L X65,150,36.0,4.86,3.33,23.5,7,Moderate
800,21.79,PVC,API 5L X52,2500,44.2,14.79,7.24,33.23,5,Critical
100,7.29,Stainless Steel,API 5L X52,150,-15.8,3.59,7.32,100.41,7,Critical
150,9.03,PVC,API 5L X52,300,19.7,9.65,6.02,66.67,14,Critical
200,9.41,HDPE,ASTM A106 Grade B,150,5.3,12.74,6.06,64.4,24,Critical
150,9.16,Carbon Steel,API 5L X52,600,7.9,16.16,2.61,28.49,10,Moderate
250,6.69,Fiberglass,ASTM A333 Grade 6,1500,-32.5,5.99,9.03,134.98,12,Critical
150,5.88,PVC,API 5L X52,150,14.0,4.28,6.13,104.25,13,Critical
1000,22.09,Carbon Steel,API 5L X42,600,13.1,19.73,9.28,42.01,3,Critical
1200,25.68,HDPE,ASTM A333 Grade 6,600,46.6,17.66,6.07,23.64,13,Critical
50,4.8,Carbon Steel,ASTM A106 Grade B,1500,125.6,18.25,0.92,19.17,18,Normal
500,9.8,PVC,API 5L X65,2500,26.2,10.34,3.2,32.65,14,Moderate
100,7.07,Stainless Steel,API 5L X65,150,12.5,3.04,5.78,81.75,21,Critical
400,17.39,Fiberglass,API 5L X65,150,-12.8,12.59,7.23,41.58,2,Critical
150,7.94,Carbon Steel,API 5L X42,2500,57.2,10.79,4.92,61.96,15,Moderate
250,7.29,Fiberglass,API 5L X52,1500,140.1,16.13,5.7,78.19,16,Critical
1000,29.55,Fiberglass,ASTM A333 Grade 6,1500,82.5,1.26,0.24,0.81,25,Normal
1200,35.76,PVC,API 5L X65,2500,-15.3,10.6,2.45,6.85,5,Moderate
600,26.97,Carbon Steel,ASTM A333 Grade 6,1500,82.0,16.29,1.53,5.67,22,Normal
400,10.27,PVC,API 5L X65,300,40.1,8.69,6.45,62.8,16,Critical
200,7.56,Stainless Steel,API 5L X52,2500,79.8,0.0,5.88,77.78,9,Critical
150,9.25,Fiberglass,API 5L X65,2500,22.3,2.35,6.26,67.68,18,Critical
800,17.64,Fiberglass,ASTM A333 Grade 6,300,13.5,14.19,6.31,35.77,9,Critical
50,5.21,Stainless Steel,API 5L X65,150,74.0,0.87,5.35,102.69,5,Critical
800,28.66,Fiberglass,API 5L X65,1500,149.7,8.48,7.29,25.44,19,Critical
300,10.01,HDPE,ASTM A106 Grade B,1500,-4.9,13.56,2.37,23.68,19,Moderate
400,16.52,Fiberglass,API 5L X52,2500,12.9,16.78,9.54,57.75,12,Critical
1500,31.97,Carbon Steel,API 5L X65,600,59.8,5.15,2.33,7.29,15,Moderate
1500,34.61,HDPE,API 5L X52,300,61.6,1.92,6.26,18.09,19,Critical
1200,20.19,HDPE,API 5L X42,150,32.6,15.86,8.05,39.87,24,Critical
100,7.71,PVC,API 5L X65,2500,24.0,16.28,3.09,40.08,15,Moderate
400,13.4,Carbon Steel,ASTM A106 Grade B,2500,-15.2,18.13,1.17,8.73,13,Normal
1500,40.94,Stainless Steel,API 5L X65,2500,-14.8,18.53,2.56,6.25,19,Moderate
250,7.48,Stainless Steel,ASTM A106 Grade B,2500,134.3,6.05,0.37,4.95,5,Normal
200,11.25,Carbon Steel,API 5L X42,600,13.1,2.48,2.04,18.13,12,Moderate
150,8.6,HDPE,ASTM A333 Grade 6,600,17.9,8.62,6.66,77.44,25,Critical
500,14.61,Fiberglass,API 5L X42,300,6.6,9.87,5.99,41.0,21,Critical
500,13.76,Fiberglass,ASTM A333 Grade 6,2500,73.2,18.91,5.14,37.35,3,Critical
250,6.77,Carbon Steel,ASTM A106 Grade B,2500,69.1,6.58,1.41,20.83,13,Normal
100,5.12,Stainless Steel,ASTM A106 Grade B,900,53.0,0.64,1.11,21.68,12,Normal
1500,27.3,Fiberglass,API 5L X65,1500,115.2,13.79,0.67,2.45,18,Normal
250,9.59,Fiberglass,ASTM A106 Grade B,150,18.5,17.18,2.35,24.5,6,Moderate
100,6.02,PVC,API 5L X42,1500,50.7,18.36,2.37,39.37,23,Moderate
600,14.75,Carbon Steel,ASTM A333 Grade 6,600,2.1,5.36,3.17,21.49,11,Moderate
500,23.95,HDPE,ASTM A333 Grade 6,900,37.7,15.5,2.41,10.06,15,Moderate
800,23.11,Carbon Steel,ASTM A333 Grade 6,900,-2.2,14.62,1.73,7.49,25,Normal
250,12.68,Fiberglass,API 5L X52,1500,35.5,16.9,7.72,60.88,2,Critical
1200,19.16,Fiberglass,API 5L X65,900,74.7,18.91,6.59,34.39,2,Critical
50,4.86,Stainless Steel,ASTM A106 Grade B,600,3.8,3.33,6.67,137.24,24,Critical
1200,36.87,PVC,API 5L X52,900,-4.7,1.58,9.91,26.88,20,Critical
150,6.53,PVC,API 5L X42,2500,65.9,8.49,4.53,69.37,8,Moderate
800,20.03,Fiberglass,API 5L X65,150,127.3,12.76,5.29,26.41,16,Critical
400,8.22,Carbon Steel,API 5L X52,2500,31.5,13.61,8.46,102.92,12,Critical
1200,27.43,HDPE,API 5L X42,600,12.7,14.29,1.36,4.96,23,Normal
1200,19.82,Stainless Steel,API 5L X42,600,85.7,19.05,0.72,3.63,14,Normal
600,18.74,Carbon Steel,ASTM A333 Grade 6,1500,62.7,2.68,6.42,34.26,9,Critical
1000,15.83,Carbon Steel,API 5L X65,300,-3.4,11.42,7.82,49.4,23,Critical
150,5.44,Stainless Steel,API 5L X52,1500,108.5,18.25,2.04,37.5,18,Moderate
300,15.59,PVC,ASTM A106 Grade B,2500,74.1,1.08,0.15,0.96,5,Normal
500,10.26,Fiberglass,ASTM A333 Grade 6,300,18.4,5.02,0.34,3.31,2,Normal
800,16.83,Stainless Steel,ASTM A333 Grade 6,150,55.2,9.75,6.78,40.29,6,Critical
1500,35.0,Carbon Steel,API 5L X42,1500,32.3,1.14,1.92,5.49,16,Normal
100,5.67,Fiberglass,API 5L X52,300,17.4,15.91,8.0,141.09,24,Critical
500,12.23,Fiberglass,API 5L X52,2500,69.3,17.33,8.69,71.05,1,Critical
150,7.41,Fiberglass,ASTM A106 Grade B,2500,-8.2,18.23,2.15,29.01,16,Moderate
1000,25.42,PVC,ASTM A106 Grade B,150,39.1,6.15,6.63,26.08,12,Critical
200,10.46,Stainless Steel,API 5L X65,150,-7.0,19.9,8.3,79.35,10,Critical
600,16.19,Carbon Steel,ASTM A333 Grade 6,600,12.1,15.73,8.8,54.35,25,Critical
100,5.39,HDPE,ASTM A333 Grade 6,900,44.7,7.35,0.21,3.9,8,Normal
1200,34.55,Stainless Steel,API 5L X65,600,105.6,8.83,3.41,9.87,2,Moderate
400,12.07,PVC,API 5L X65,300,78.0,9.28,9.52,78.87,2,Critical
600,13.15,PVC,API 5L X42,900,8.1,0.88,4.64,35.29,16,Moderate
300,10.17,Stainless Steel,API 5L X42,300,85.2,7.37,0.9,8.85,23,Normal
600,14.68,HDPE,API 5L X65,300,65.1,16.73,0.85,5.79,25,Normal
250,9.4,Fiberglass,ASTM A106 Grade B,2500,49.4,7.59,7.76,82.55,14,Critical
300,9.45,HDPE,API 5L X42,2500,35.6,12.61,5.43,57.46,3,Critical
50,5.22,PVC,ASTM A106 Grade B,900,110.5,18.51,7.59,145.4,10,Critical
300,10.52,Fiberglass,ASTM A106 Grade B,1500,99.2,19.04,3.39,32.22,19,Moderate
200,7.81,Fiberglass,API 5L X52,150,12.2,4.41,0.35,4.48,12,Normal
1200,35.28,Fiberglass,API 5L X65,900,75.8,0.43,0.43,1.22,5,Normal
250,8.88,PVC,API 5L X42,600,51.3,8.29,0.51,5.74,14,Normal
50,4.48,Fiberglass,API 5L X42,2500,7.1,16.35,4.56,101.79,16,Moderate
100,6.06,PVC,API 5L X42,2500,127.7,2.4,8.96,147.85,22,Critical
100,7.34,PVC,API 5L X42,600,19.2,5.91,7.41,100.95,23,Critical
250,12.12,PVC,API 5L X65,2500,60.7,6.85,5.47,45.13,23,Critical
1000,25.02,PVC,API 5L X52,900,16.0,15.69,5.17,20.66,1,Critical
250,14.96,PVC,API 5L X42,2500,129.2,9.53,9.0,60.16,9,Critical
1500,30.96,PVC,ASTM A106 Grade B,150,-37.1,17.86,9.21,29.75,8,Critical
250,14.22,PVC,ASTM A106 Grade B,300,40.6,18.47,8.16,57.38,21,Critical
100,6.95,Fiberglass,API 5L X52,2500,88.3,13.98,9.08,130.65,25,Critical
150,6.91,HDPE,API 5L X52,600,0.5,16.27,6.74,97.54,22,Critical
300,13.13,Stainless Steel,ASTM A106 Grade B,150,-18.5,12.74,2.12,16.15,19,Moderate
50,5.83,PVC,API 5L X42,150,18.7,16.74,0.05,0.86,5,Normal
50,4.5,PVC,API 5L X42,150,48.2,18.04,0.25,5.56,12,Normal
1000,21.84,HDPE,API 5L X42,2500,8.7,12.14,9.75,44.64,4,Critical
150,5.43,HDPE,ASTM A106 Grade B,1500,8.9,13.32,5.21,95.95,18,Critical
100,6.12,PVC,ASTM A333 Grade 6,300,1.7,12.05,7.16,116.99,12,Critical
50,4.3,Stainless Steel,API 5L X42,300,127.1,0.92,4.79,111.4,13,Moderate
1200,31.01,PVC,API 5L X42,900,27.2,5.0,3.03,9.77,9,Moderate
1200,28.75,HDPE,ASTM A333 Grade 6,150,31.1,7.43,2.1,7.3,13,Moderate
200,6.88,HDPE,ASTM A333 Grade 6,600,56.6,3.37,0.35,5.09,25,Normal
1200,20.66,HDPE,API 5L X42,150,118.5,11.43,8.42,40.76,5,Critical
500,12.66,Stainless Steel,API 5L X42,600,68.5,16.75,7.28,57.5,2,Critical
800,28.54,Fiberglass,API 5L X52,900,72.3,14.88,2.43,8.51,21,Moderate
250,14.06,Fiberglass,ASTM A106 Grade B,300,73.9,16.34,1.45,10.31,6,Normal
100,6.45,Fiberglass,API 5L X65,900,95.9,15.64,7.02,108.84,20,Critical
100,6.91,PVC,ASTM A106 Grade B,150,16.8,18.59,6.81,98.55,4,Critical
600,21.01,Stainless Steel,API 5L X65,300,30.9,13.18,8.26,39.31,14,Critical
250,10.13,Stainless Steel,API 5L X42,600,66.0,0.17,2.86,28.23,17,Moderate
50,3.31,PVC,API 5L X52,2500,88.0,14.16,9.58,289.43,18,Critical
1500,43.88,Stainless Steel,API 5L X42,150,107.8,10.93,8.06,18.37,11,Critical
300,11.6,Fiberglass,API 5L X52,900,110.5,3.02,5.65,48.71,19,Critical
50,5.46,Fiberglass,API 5L X65,1500,26.2,14.04,9.36,171.43,17,Critical
300,8.96,Carbon Steel,API 5L X42,2500,48.7,2.38,4.63,51.67,2,Moderate
200,10.9,Fiberglass,API 5L X52,900,-13.0,13.91,2.18,20.0,17,Moderate
100,7.36,Stainless Steel,API 5L X42,150,-9.5,4.15,5.57,75.68,13,Critical
600,27.85,Fiberglass,ASTM A106 Grade B,600,14.6,12.75,0.78,2.8,19,Normal
1200,25.26,HDPE,ASTM A333 Grade 6,2500,-9.8,9.52,8.18,32.38,13,Critical
150,6.96,Carbon Steel,ASTM A106 Grade B,600,53.8,2.38,8.69,124.86,3,Critical
50,3.69,Carbon Steel,ASTM A333 Grade 6,600,-13.4,18.1,8.29,224.66,5,Critical
50,5.5,Fiberglass,API 5L X42,1500,53.7,1.59,2.7,49.09,3,Moderate
150,6.24,HDPE,API 5L X52,1500,30.8,4.11,5.58,89.42,11,Critical
600,22.17,PVC,API 5L X52,150,36.1,17.92,4.1,18.49,4,Moderate
100,5.72,Fiberglass,API 5L X52,300,12.3,11.19,6.79,118.71,12,Critical
100,4.14,Carbon Steel,API 5L X42,600,19.3,10.6,8.34,201.45,21,Critical
1500,31.27,Fiberglass,ASTM A333 Grade 6,150,69.0,16.49,6.96,22.26,10,Critical
800,24.36,HDPE,API 5L X52,600,116.6,3.27,5.57,22.87,9,Critical
1500,43.2,Carbon Steel,ASTM A333 Grade 6,900,48.7,13.27,5.5,12.73,4,Critical
800,30.44,HDPE,API 5L X42,900,15.8,2.16,4.98,16.36,4,Moderate
200,7.82,PVC,API 5L X42,2500,-0.5,16.0,3.75,47.95,14,Moderate
400,12.31,Carbon Steel,ASTM A106 Grade B,150,-15.5,4.47,5.41,43.95,11,Critical
400,8.35,HDPE,ASTM A106 Grade B,2500,-9.2,1.94,8.44,101.08,9,Critical
1500,33.41,PVC,ASTM A106 Grade B,300,54.7,10.59,9.85,29.48,8,Critical
200,7.74,Carbon Steel,API 5L X52,900,-25.9,1.27,0.64,8.27,1,Normal
300,8.68,HDPE,API 5L X52,300,-21.0,4.76,6.01,69.24,22,Critical
1200,22.53,HDPE,ASTM A333 Grade 6,150,17.8,13.58,4.11,18.24,7,Moderate
250,10.95,Fiberglass,ASTM A106 Grade B,2500,11.7,8.82,4.04,36.89,24,Moderate
100,4.89,Carbon Steel,ASTM A333 Grade 6,600,2.4,2.51,0.61,12.47,8,Normal
50,5.62,PVC,API 5L X42,900,42.2,0.44,6.21,110.5,20,Critical
300,15.95,Fiberglass,API 5L X42,1500,26.0,15.26,0.94,5.89,16,Normal
50,3.04,Carbon Steel,ASTM A106 Grade B,300,32.6,4.6,9.69,318.75,15,Critical
400,17.32,Fiberglass,API 5L X52,900,31.4,1.33,1.79,10.33,12,Normal
100,5.21,Stainless Steel,ASTM A106 Grade B,300,67.5,2.93,5.76,110.56,19,Critical
500,24.44,PVC,ASTM A333 Grade 6,300,11.9,12.93,6.75,27.62,10,Critical
1200,34.3,Carbon Steel,ASTM A106 Grade B,150,89.3,6.74,3.16,9.21,5,Moderate
150,6.58,Carbon Steel,ASTM A333 Grade 6,2500,95.9,10.16,6.98,106.08,22,Critical
400,15.23,HDPE,ASTM A333 Grade 6,300,44.5,5.53,4.54,29.81,1,Moderate
50,3.25,Fiberglass,ASTM A333 Grade 6,1500,34.6,5.32,9.52,292.92,11,Critical
500,14.29,Stainless Steel,API 5L X52,2500,21.4,4.5,8.42,58.92,18,Critical
1500,44.29,PVC,ASTM A106 Grade B,600,54.1,12.97,1.59,3.59,4,Normal
1000,31.28,Stainless Steel,API 5L X65,1500,30.0,3.04,9.71,31.04,16,Critical
1200,37.12,Stainless Steel,ASTM A106 Grade B,2500,102.2,8.3,5.86,15.79,20,Critical
800,25.85,Stainless Steel,API 5L X65,1500,21.4,9.85,1.36,5.26,8,Normal
100,4.55,Stainless Steel,ASTM A106 Grade B,600,62.3,9.87,8.53,187.47,25,Critical
1500,47.27,HDPE,ASTM A106 Grade B,600,0.6,8.51,3.84,8.12,9,Moderate
150,6.25,Fiberglass,ASTM A106 Grade B,2500,-36.4,12.69,8.31,132.96,20,Critical
1500,34.77,Carbon Steel,API 5L X52,2500,127.0,13.73,5.56,15.99,21,Critical
250,9.9,HDPE,API 5L X65,150,21.9,0.33,6.21,62.73,17,Critical
100,6.3,PVC,ASTM A106 Grade B,150,20.2,1.08,5.06,80.32,8,Critical
1000,28.47,HDPE,ASTM A333 Grade 6,900,58.5,8.4,0.71,2.49,10,Normal
600,23.1,PVC,ASTM A333 Grade 6,2500,41.9,15.62,7.28,31.52,25,Critical
800,19.82,Fiberglass,ASTM A106 Grade B,900,14.3,15.34,2.63,13.27,18,Moderate
200,8.01,PVC,ASTM A333 Grade 6,900,35.3,2.73,5.1,63.67,22,Critical
50,3.03,Stainless Steel,ASTM A106 Grade B,1500,32.3,1.7,5.19,171.29,10,Critical
500,16.18,Stainless Steel,ASTM A106 Grade B,300,18.1,6.3,7.77,48.02,8,Critical
800,25.94,Stainless Steel,API 5L X52,2500,-8.2,16.89,7.31,28.18,15,Critical
100,7.95,PVC,API 5L X65,2500,9.5,13.9,1.71,21.51,13,Normal
100,5.96,Carbon Steel,API 5L X65,2500,-22.2,12.29,3.89,65.27,19,Moderate
600,22.74,Stainless Steel,ASTM A106 Grade B,600,58.3,19.34,8.04,35.36,25,Critical
500,14.74,HDPE,API 5L X65,150,-37.6,19.17,4.33,29.38,14,Moderate
400,17.53,PVC,API 5L X65,300,83.6,2.28,4.64,26.47,19,Moderate
800,23.62,HDPE,ASTM A106 Grade B,900,-24.3,10.58,0.92,3.9,7,Normal
100,4.34,Stainless Steel,ASTM A106 Grade B,900,145.8,6.75,4.82,111.06,20,Moderate
800,25.01,Fiberglass,API 5L X52,900,46.9,13.68,8.81,35.23,13,Critical
600,16.41,HDPE,API 5L X65,600,66.4,1.02,9.31,56.73,4,Critical
1000,29.23,Fiberglass,ASTM A106 Grade B,2500,135.0,4.65,8.47,28.98,16,Critical
800,27.97,Fiberglass,API 5L X65,2500,72.0,7.73,0.88,3.15,17,Normal
100,4.13,HDPE,API 5L X52,2500,-17.9,4.13,3.1,75.06,18,Moderate
1000,21.35,Fiberglass,ASTM A333 Grade 6,150,53.1,20.0,7.27,34.05,8,Critical
1000,26.04,Fiberglass,ASTM A333 Grade 6,1500,57.7,9.79,9.56,36.71,20,Critical
100,4.37,HDPE,ASTM A106 Grade B,900,131.5,17.74,9.87,225.86,11,Critical
600,12.73,Stainless Steel,ASTM A333 Grade 6,1500,48.8,15.15,5.74,45.09,4,Critical
400,10.05,HDPE,ASTM A106 Grade B,1500,7.5,10.2,6.39,63.58,5,Critical
1200,37.42,Stainless Steel,API 5L X65,1500,95.1,9.49,4.49,12.0,23,Moderate
50,5.99,PVC,ASTM A333 Grade 6,900,95.0,17.22,2.51,41.9,13,Moderate
300,14.67,Fiberglass,API 5L X52,2500,51.2,18.37,8.46,57.67,4,Critical
1000,29.16,Carbon Steel,ASTM A333 Grade 6,600,-24.7,2.48,3.82,13.1,4,Moderate
500,14.55,PVC,API 5L X65,600,19.9,0.39,5.98,41.1,24,Critical
50,3.29,Carbon Steel,ASTM A333 Grade 6,900,64.5,6.04,6.54,198.78,25,Critical
150,5.64,Carbon Steel,API 5L X42,2500,115.0,9.71,9.46,167.73,6,Critical
600,16.95,Stainless Steel,API 5L X42,900,32.4,4.15,2.59,15.28,25,Moderate
500,20.82,Fiberglass,ASTM A333 Grade 6,600,48.6,11.23,4.76,22.86,23,Moderate
400,19.55,Carbon Steel,API 5L X52,2500,60.2,18.7,5.55,28.39,17,Critical
1000,22.39,PVC,ASTM A333 Grade 6,2500,-0.5,19.74,2.69,12.01,3,Moderate
50,5.12,HDPE,API 5L X42,150,61.6,3.02,2.42,47.27,23,Moderate
400,13.91,Fiberglass,API 5L X52,600,58.5,17.46,8.09,58.16,25,Critical
1200,34.42,Carbon Steel,API 5L X42,1500,49.4,10.78,0.71,2.06,11,Normal
50,4.89,Stainless Steel,ASTM A333 Grade 6,2500,-6.4,1.81,0.63,12.88,18,Normal
800,29.88,Stainless Steel,API 5L X65,300,77.8,10.19,4.84,16.2,3,Moderate
250,11.0,PVC,API 5L X52,1500,21.8,4.52,2.59,23.55,21,Moderate
500,13.59,Fiberglass,ASTM A106 Grade B,300,15.7,5.37,6.78,49.89,16,Critical
200,7.34,Stainless Steel,API 5L X52,900,98.6,18.62,6.63,90.33,12,Critical
1500,43.02,Stainless Steel,API 5L X52,2500,14.3,2.02,2.77,6.44,12,Moderate
1200,37.74,HDPE,ASTM A333 Grade 6,600,58.9,9.44,1.64,4.35,7,Normal
300,7.62,Fiberglass,ASTM A333 Grade 6,900,-46.2,0.13,2.22,29.13,13,Moderate
100,5.91,Carbon Steel,API 5L X42,900,127.5,13.05,1.7,28.76,3,Normal
50,3.76,Fiberglass,ASTM A106 Grade B,2500,86.9,11.94,2.19,58.24,24,Moderate
1200,32.92,Stainless Steel,API 5L X52,150,39.3,11.6,2.13,6.47,2,Moderate
100,4.19,Fiberglass,ASTM A333 Grade 6,2500,21.0,8.86,7.86,187.59,24,Critical
1500,29.92,Stainless Steel,API 5L X52,300,5.7,9.75,3.35,11.2,22,Moderate
800,16.55,Stainless Steel,ASTM A106 Grade B,150,18.9,19.84,1.27,7.67,4,Normal
1200,35.13,Fiberglass,API 5L X52,150,51.9,13.13,8.37,23.83,4,Critical
600,19.15,Fiberglass,ASTM A106 Grade B,900,94.0,8.78,5.15,26.89,2,Critical
100,7.27,HDPE,ASTM A333 Grade 6,600,28.3,8.89,7.04,96.84,12,Critical
500,23.96,Stainless Steel,API 5L X65,2500,64.0,14.84,2.95,12.31,17,Moderate
50,4.61,Carbon Steel,API 5L X42,150,61.2,13.48,6.08,131.89,21,Critical
300,13.51,Carbon Steel,ASTM A106 Grade B,900,11.3,12.79,0.51,3.77,25,Normal
150,7.49,Stainless Steel,API 5L X42,150,37.8,12.89,4.96,66.22,17,Moderate
200,6.32,Carbon Steel,API 5L X52,150,-27.2,6.05,4.09,64.72,17,Moderate
100,5.17,PVC,API 5L X42,300,-3.3,17.88,7.56,146.23,9,Critical
400,17.69,PVC,API 5L X42,900,74.7,11.7,8.34,47.15,19,Critical
1200,30.5,Carbon Steel,ASTM A106 Grade B,900,15.0,2.06,4.74,15.54,12,Moderate
300,7.92,Stainless Steel,API 5L X52,150,103.9,16.53,3.01,38.01,10,Moderate
50,3.45,HDPE,API 5L X42,900,93.3,2.54,4.25,123.19,22,Moderate
50,5.4,PVC,ASTM A106 Grade B,600,71.0,7.13,4.43,82.04,1,Moderate
600,18.79,HDPE,API 5L X42,2500,7.5,8.62,8.25,43.91,6,Critical
500,20.48,Carbon Steel,ASTM A333 Grade 6,300,21.3,1.03,3.09,15.09,14,Moderate
500,12.51,PVC,API 5L X42,150,14.4,16.61,8.28,66.19,10,Critical
1000,15.72,Carbon Steel,ASTM A333 Grade 6,2500,124.9,5.2,4.34,27.61,22,Moderate
1000,29.26,Stainless Steel,API 5L X52,1500,31.0,11.96,7.23,24.71,8,Critical
400,12.45,PVC,ASTM A333 Grade 6,1500,-24.8,7.4,7.92,63.61,9,Critical
50,5.26,Carbon Steel,ASTM A106 Grade B,2500,61.1,16.8,4.71,89.54,1,Moderate
600,19.59,HDPE,ASTM A106 Grade B,2500,65.8,5.32,5.73,29.25,11,Critical
50,3.62,Carbon Steel,API 5L X65,900,19.5,1.86,3.38,93.37,22,Moderate
200,11.96,Carbon Steel,ASTM A106 Grade B,2500,63.4,14.19,7.02,58.7,15,Critical
1000,30.86,Stainless Steel,API 5L X65,900,45.4,13.15,0.07,0.23,3,Normal
150,5.72,Carbon Steel,API 5L X65,150,141.8,0.8,1.08,18.88,1,Normal
50,5.27,HDPE,API 5L X42,150,77.8,11.29,1.25,23.72,17,Normal
50,3.31,Carbon Steel,API 5L X42,2500,13.4,2.44,5.12,154.68,5,Critical
400,16.64,Carbon Steel,ASTM A333 Grade 6,150,0.2,12.16,5.08,30.53,3,Critical
1500,45.09,HDPE,API 5L X42,900,-5.4,2.46,1.27,2.82,3,Normal
400,16.71,Stainless Steel,API 5L X65,600,83.4,5.34,1.57,9.4,14,Normal
300,11.47,Stainless Steel,API 5L X52,150,55.0,16.76,2.96,25.81,4,Moderate
1200,38.61,HDPE,ASTM A106 Grade B,1500,41.5,12.53,5.45,14.12,25,Critical
200,11.62,PVC,ASTM A333 Grade 6,900,14.9,18.9,7.87,67.73,8,Critical
800,31.61,HDPE,API 5L X65,300,87.0,7.94,5.94,18.79,7,Critical
200,6.74,PVC,API 5L X65,2500,10.1,10.63,5.21,77.3,21,Critical
800,17.35,PVC,API 5L X65,150,20.1,16.34,7.86,45.3,2,Critical
1200,32.64,Stainless Steel,API 5L X42,300,18.7,9.66,5.42,16.61,11,Critical
50,5.73,Stainless Steel,ASTM A333 Grade 6,600,3.2,9.01,0.33,5.76,19,Normal
500,15.5,HDPE,ASTM A333 Grade 6,2500,32.0,9.84,8.88,57.29,17,Critical
400,15.39,Carbon Steel,ASTM A106 Grade B,2500,62.2,0.26,8.55,55.56,4,Critical
200,7.27,Carbon Steel,API 5L X65,600,115.3,19.99,1.2,16.51,6,Normal
1200,38.24,PVC,API 5L X42,300,91.6,2.71,1.98,5.18,8,Normal
300,15.69,HDPE,API 5L X52,300,27.8,4.53,3.86,24.6,22,Moderate
200,9.94,Carbon Steel,ASTM A333 Grade 6,1500,37.2,1.22,1.07,10.76,14,Normal
50,5.65,PVC,API 5L X42,600,-40.9,6.92,9.13,161.59,22,Critical
50,3.66,Fiberglass,ASTM A106 Grade B,900,78.5,3.75,0.31,8.47,25,Normal
800,16.71,Stainless Steel,API 5L X65,150,-18.6,6.23,7.8,46.68,2,Critical
200,7.49,Fiberglass,API 5L X52,900,48.1,13.08,7.44,99.33,14,Critical
50,5.82,Fiberglass,API 5L X42,900,67.8,5.7,1.77,30.41,20,Normal
50,4.29,PVC,ASTM A106 Grade B,600,37.2,19.35,4.88,113.75,19,Moderate
1500,31.98,Fiberglass,API 5L X42,600,-37.7,2.6,4.74,14.82,8,Moderate
1200,25.4,HDPE,ASTM A333 Grade 6,300,-7.9,1.88,3.47,13.66,14,Moderate
1500,28.54,PVC,API 5L X52,600,-14.3,15.64,9.3,32.59,22,Critical
50,4.82,Stainless Steel,API 5L X65,900,16.8,12.1,8.4,174.27,4,Critical
300,16.33,Carbon Steel,API 5L X42,2500,65.8,11.08,1.6,9.8,18,Normal
1500,34.75,PVC,API 5L X52,2500,15.2,18.76,5.44,15.65,21,Critical
150,5.08,Fiberglass,API 5L X52,600,21.5,15.15,3.88,76.38,17,Moderate
250,9.92,Stainless Steel,ASTM A333 Grade 6,150,-18.7,3.27,1.61,16.23,17,Normal
50,3.86,Carbon Steel,API 5L X42,600,141.6,11.94,7.18,186.01,8,Critical
50,5.74,HDPE,ASTM A106 Grade B,300,19.9,8.8,4.18,72.82,8,Moderate
500,10.93,PVC,API 5L X52,600,100.2,11.3,9.62,88.01,12,Critical
1500,23.47,Fiberglass,API 5L X52,150,18.3,10.75,9.02,38.43,9,Critical
400,9.44,Stainless Steel,ASTM A106 Grade B,1500,31.7,3.39,0.99,10.49,4,Normal
500,20.01,Fiberglass,ASTM A106 Grade B,300,5.6,2.64,4.99,24.94,23,Moderate
250,14.24,Stainless Steel,API 5L X52,2500,136.6,4.53,1.1,7.72,18,Normal
50,5.1,Fiberglass,ASTM A333 Grade 6,600,80.2,10.57,6.93,135.88,18,Critical
100,5.95,Stainless Steel,ASTM A106 Grade B,150,69.3,18.23,5.37,90.25,5,Critical
50,4.43,HDPE,ASTM A106 Grade B,600,16.1,16.91,4.09,92.33,16,Moderate
100,5.33,Stainless Steel,ASTM A333 Grade 6,1500,50.9,16.47,2.04,38.27,16,Moderate
600,24.6,PVC,API 5L X42,2500,2.7,1.98,7.53,30.61,6,Critical
250,13.65,Fiberglass,ASTM A333 Grade 6,300,45.9,12.65,7.65,56.04,9,Critical
1200,24.59,Stainless Steel,API 5L X65,300,72.8,12.85,8.44,34.32,13,Critical
400,16.12,HDPE,ASTM A106 Grade B,150,84.0,12.61,6.86,42.56,3,Critical
1500,39.33,HDPE,ASTM A333 Grade 6,300,-13.1,6.78,3.13,7.96,19,Moderate
500,9.54,Stainless Steel,ASTM A106 Grade B,900,48.6,11.26,3.14,32.91,10,Moderate
100,6.67,Carbon Steel,API 5L X52,150,-13.9,9.73,8.14,122.04,3,Critical
50,3.0,Stainless Steel,ASTM A333 Grade 6,2500,149.5,9.41,2.44,81.33,5,Moderate
600,18.9,PVC,API 5L X52,300,117.6,18.88,8.35,44.18,2,Critical
1000,23.13,Stainless Steel,ASTM A106 Grade B,900,40.3,8.45,3.98,17.21,12,Moderate
200,11.05,Fiberglass,API 5L X52,900,10.1,4.1,1.81,16.38,25,Normal
400,12.9,PVC,API 5L X65,1500,19.8,19.47,2.81,21.78,6,Moderate
250,12.98,Carbon Steel,API 5L X52,900,102.9,1.02,0.88,6.78,19,Normal
1500,36.13,Stainless Steel,API 5L X52,900,59.5,2.84,6.93,19.18,14,Critical
100,7.8,PVC,ASTM A333 Grade 6,1500,36.0,3.57,4.64,59.49,23,Moderate
200,6.14,PVC,API 5L X42,900,50.9,16.59,7.1,115.64,3,Critical
100,4.22,PVC,API 5L X42,1500,3.5,16.13,0.03,0.71,17,Normal
1000,26.19,HDPE,API 5L X65,900,26.3,4.38,0.12,0.46,4,Normal
400,14.97,HDPE,ASTM A333 Grade 6,2500,3.0,13.47,3.14,20.98,23,Moderate
50,3.63,Stainless Steel,ASTM A106 Grade B,900,35.9,5.29,0.55,15.15,10,Normal
1500,48.32,HDPE,ASTM A333 Grade 6,300,90.1,19.12,6.42,13.29,2,Critical
100,4.26,Stainless Steel,ASTM A333 Grade 6,150,43.5,9.24,3.41,80.05,6,Moderate
1500,21.48,Stainless Steel,API 5L X42,150,106.1,0.13,6.02,28.03,1,Critical
400,17.48,Stainless Steel,API 5L X65,150,65.7,16.08,9.18,52.52,5,Critical
50,3.93,Fiberglass,ASTM A333 Grade 6,1500,60.9,12.73,2.28,58.02,10,Moderate
100,4.7,Stainless Steel,API 5L X42,300,63.7,6.81,8.83,187.87,6,Critical
800,21.5,PVC,ASTM A106 Grade B,150,28.4,13.34,5.52,25.67,25,Critical
600,23.01,Fiberglass,API 5L X42,900,54.1,7.44,0.21,0.91,19,Normal
1200,24.51,Fiberglass,API 5L X65,1500,138.4,8.83,3.26,13.3,22,Moderate
50,5.1,PVC,ASTM A106 Grade B,300,5.6,2.42,6.46,126.67,21,Critical
1500,23.53,Carbon Steel,ASTM A106 Grade B,1500,6.1,11.73,1.53,6.5,5,Normal
300,15.67,Fiberglass,ASTM A333 Grade 6,300,43.3,6.51,4.76,30.38,5,Moderate
200,6.3,Carbon Steel,API 5L X42,300,62.6,3.47,1.55,24.6,19,Normal
1000,22.93,Fiberglass,ASTM A333 Grade 6,900,84.6,7.67,3.92,17.1,23,Moderate
300,10.67,Fiberglass,API 5L X65,2500,92.3,6.24,6.66,62.42,15,Critical
500,23.22,PVC,API 5L X52,150,45.6,13.08,4.97,21.4,13,Moderate
300,12.92,Carbon Steel,ASTM A333 Grade 6,150,136.0,11.02,6.79,52.55,6,Critical
1200,36.1,HDPE,API 5L X65,900,56.8,10.34,8.06,22.33,16,Critical
200,9.13,Stainless Steel,ASTM A333 Grade 6,2500,93.4,10.66,9.83,107.67,8,Critical
500,10.21,Carbon Steel,ASTM A106 Grade B,1500,-17.0,19.81,0.94,9.21,14,Normal
800,22.07,Fiberglass,API 5L X52,600,21.1,2.71,2.17,9.83,11,Moderate
500,9.71,Carbon Steel,API 5L X65,900,24.1,10.87,1.93,19.88,25,Normal
150,5.73,PVC,ASTM A333 Grade 6,600,67.9,2.75,9.36,163.35,17,Critical
400,14.7,Stainless Steel,ASTM A333 Grade 6,2500,70.1,2.84,7.55,51.36,15,Critical
600,13.23,Stainless Steel,API 5L X42,300,148.2,4.96,7.11,53.74,10,Critical
300,15.67,HDPE,ASTM A333 Grade 6,150,14.1,2.73,1.0,6.38,21,Normal
200,9.5,Fiberglass,API 5L X52,600,29.6,19.1,9.01,94.84,16,Critical
100,4.65,Carbon Steel,ASTM A106 Grade B,1500,48.8,9.19,1.59,34.19,5,Normal
1200,34.92,HDPE,ASTM A333 Grade 6,300,79.3,3.55,6.92,19.82,12,Critical
600,21.33,HDPE,ASTM A333 Grade 6,300,100.1,6.63,7.16,33.57,15,Critical
500,17.85,Fiberglass,API 5L X42,150,20.7,6.86,8.76,49.08,10,Critical
1200,22.83,PVC,ASTM A106 Grade B,900,42.1,7.33,4.45,19.49,10,Moderate
800,18.33,Stainless Steel,API 5L X42,1500,104.9,5.68,3.2,17.46,10,Moderate
600,12.39,PVC,API 5L X65,1500,56.0,19.13,7.83,63.2,22,Critical
300,12.86,Fiberglass,ASTM A333 Grade 6,900,88.9,11.84,5.2,40.44,18,Critical
1200,24.24,PVC,ASTM A106 Grade B,900,-34.4,5.08,8.54,35.23,25,Critical
150,7.91,PVC,ASTM A106 Grade B,600,20.8,2.12,1.17,14.79,12,Normal
200,8.98,Fiberglass,API 5L X65,900,-38.6,14.53,9.22,102.67,18,Critical
1200,38.03,Fiberglass,API 5L X52,900,-44.2,4.74,5.56,14.62,11,Critical
1000,26.98,PVC,ASTM A106 Grade B,150,43.9,12.77,9.99,37.03,16,Critical
150,9.73,Stainless Steel,ASTM A106 Grade B,600,56.0,8.07,3.18,32.68,2,Moderate
500,22.49,Stainless Steel,API 5L X65,1500,58.1,3.1,6.62,29.44,1,Critical
300,7.2,Carbon Steel,API 5L X42,300,48.5,17.27,8.07,112.08,20,Critical
500,9.94,PVC,API 5L X65,150,28.1,12.68,1.32,13.28,13,Normal
150,6.69,Carbon Steel,ASTM A106 Grade B,300,66.2,2.1,9.6,143.5,6,Critical
200,6.76,Fiberglass,API 5L X65,300,51.1,15.15,9.35,138.31,8,Critical
200,6.26,PVC,API 5L X52,2500,74.8,12.94,8.02,128.12,24,Critical
800,14.7,HDPE,API 5L X52,1500,43.9,1.44,4.07,27.69,16,Moderate
600,11.17,HDPE,ASTM A333 Grade 6,1500,115.7,17.93,0.81,7.25,15,Normal
600,14.15,PVC,API 5L X42,150,86.4,9.07,4.49,31.73,18,Moderate
800,17.15,HDPE,API 5L X65,150,93.4,0.54,2.54,14.81,7,Moderate
50,3.0,Carbon Steel,ASTM A333 Grade 6,150,30.9,9.2,4.13,137.67,17,Moderate
500,21.53,HDPE,ASTM A106 Grade B,300,47.7,16.95,3.11,14.44,13,Moderate
1500,34.19,Fiberglass,API 5L X65,1500,81.2,10.4,7.15,20.91,1,Critical
50,5.93,Fiberglass,ASTM A106 Grade B,2500,75.1,19.39,7.2,121.42,15,Critical
1200,33.06,Carbon Steel,ASTM A106 Grade B,900,-9.6,11.89,8.15,24.65,18,Critical
100,6.31,Carbon Steel,API 5L X65,900,30.5,10.66,5.74,90.97,12,Critical
100,4.72,Stainless Steel,ASTM A106 Grade B,300,55.8,8.56,0.97,20.55,16,Normal
600,22.4,Stainless Steel,API 5L X65,1500,44.1,1.5,8.01,35.76,12,Critical
300,17.34,Stainless Steel,ASTM A333 Grade 6,1500,46.2,14.96,4.81,27.74,6,Moderate
400,12.29,PVC,API 5L X42,300,-9.6,16.0,3.22,26.2,8,Moderate
1500,29.22,Stainless Steel,ASTM A106 Grade B,2500,-10.7,8.17,6.72,23.0,22,Critical
100,5.99,Carbon Steel,API 5L X52,900,-6.7,8.83,3.77,62.94,14,Moderate
50,3.0,Fiberglass,API 5L X52,900,22.8,13.87,0.47,15.67,18,Normal
1500,38.34,Carbon Steel,ASTM A333 Grade 6,2500,22.3,14.44,5.57,14.53,21,Critical
100,7.37,PVC,ASTM A106 Grade B,300,56.5,14.31,2.35,31.89,2,Moderate
800,27.17,HDPE,ASTM A333 Grade 6,2500,27.0,16.1,9.31,34.27,16,Critical
800,12.37,HDPE,API 5L X65,900,-11.7,16.5,7.51,60.71,23,Critical
100,5.58,Fiberglass,API 5L X42,300,43.4,12.52,4.45,79.75,21,Moderate
100,6.08,Carbon Steel,API 5L X42,150,86.7,10.71,2.81,46.22,21,Moderate
1200,23.76,Fiberglass,API 5L X42,300,-29.9,1.38,6.01,25.29,16,Critical
300,9.39,Fiberglass,API 5L X52,150,41.2,11.27,4.09,43.56,20,Moderate
300,10.42,Fiberglass,ASTM A333 Grade 6,600,32.5,19.33,4.64,44.53,3,Moderate
800,29.29,HDPE,API 5L X42,150,76.1,10.21,7.0,23.9,3,Critical
1500,32.91,Carbon Steel,API 5L X65,150,112.7,9.62,6.03,18.32,17,Critical
200,11.11,Carbon Steel,ASTM A106 Grade B,150,6.1,14.49,3.41,30.69,23,Moderate
300,13.83,Carbon Steel,API 5L X42,300,76.0,11.2,2.95,21.33,3,Moderate
1000,29.05,PVC,ASTM A106 Grade B,1500,29.6,7.47,9.63,33.15,14,Critical
1500,47.89,HDPE,ASTM A106 Grade B,2500,56.1,0.82,9.49,19.82,7,Critical
50,5.33,Fiberglass,API 5L X42,900,95.9,13.51,3.77,70.73,13,Moderate
1000,33.31,Carbon Steel,API 5L X52,300,105.7,3.86,8.29,24.89,20,Critical
400,18.41,Carbon Steel,ASTM A106 Grade B,2500,25.7,5.31,2.71,14.72,16,Moderate
150,5.98,Stainless Steel,API 5L X52,2500,-20.8,6.05,6.14,102.68,20,Critical
800,29.96,Fiberglass,ASTM A106 Grade B,2500,29.0,1.98,2.13,7.11,15,Moderate
300,8.74,HDPE,ASTM A106 Grade B,1500,43.5,15.97,8.42,96.34,25,Critical
150,5.21,Stainless Steel,API 5L X65,150,91.9,5.83,1.33,25.53,24,Normal
600,21.1,Carbon Steel,API 5L X52,1500,12.8,3.44,9.87,46.78,15,Critical
1000,32.07,Stainless Steel,API 5L X52,150,100.7,0.3,4.46,13.91,22,Moderate
100,5.72,Stainless Steel,ASTM A106 Grade B,150,-6.9,9.07,5.8,101.4,17,Critical
250,13.01,HDPE,API 5L X65,600,16.8,18.32,4.03,30.98,5,Moderate
500,21.57,Stainless Steel,ASTM A333 Grade 6,2500,-24.6,4.97,7.54,34.96,14,Critical
200,10.76,Fiberglass,API 5L X42,1500,4.1,14.69,4.04,37.55,24,Moderate
400,18.8,PVC,ASTM A106 Grade B,900,28.7,3.18,3.37,17.93,4,Moderate
600,24.05,PVC,ASTM A106 Grade B,2500,76.4,10.18,2.64,10.98,21,Moderate
500,17.53,PVC,ASTM A106 Grade B,600,61.3,11.49,3.24,18.48,18,Moderate
300,7.53,HDPE,ASTM A106 Grade B,900,0.5,2.82,1.99,26.43,7,Normal
600,26.89,HDPE,API 5L X52,600,34.5,19.09,3.55,13.2,5,Moderate
250,11.74,Stainless Steel,API 5L X65,1500,53.8,7.49,8.13,69.25,19,Critical
800,14.26,PVC,ASTM A106 Grade B,300,-29.3,11.27,9.19,64.45,22,Critical
400,18.46,HDPE,ASTM A106 Grade B,300,53.1,15.98,3.56,19.28,18,Moderate
1200,33.73,PVC,API 5L X65,150,45.3,10.81,7.41,21.97,20,Critical
250,8.54,Fiberglass,API 5L X65,300,41.0,12.97,5.54,64.87,4,Critical
800,20.75,HDPE,ASTM A106 Grade B,150,-0.9,6.09,9.77,47.08,24,Critical
1000,15.56,Stainless Steel,ASTM A333 Grade 6,300,74.8,3.19,4.24,27.25,20,Moderate
50,4.69,HDPE,API 5L X42,150,13.4,0.67,2.43,51.81,18,Moderate
150,7.97,Fiberglass,API 5L X42,150,81.8,5.16,9.05,113.55,20,Critical
200,8.62,PVC,ASTM A106 Grade B,2500,50.6,10.45,5.2,60.32,17,Critical
100,4.13,Stainless Steel,API 5L X65,1500,34.0,13.27,4.98,120.58,21,Moderate
1000,21.65,PVC,API 5L X42,600,45.9,14.74,0.8,3.7,23,Normal
1000,21.54,Stainless Steel,API 5L X65,600,33.3,1.88,2.09,9.7,6,Moderate
250,9.52,HDPE,ASTM A333 Grade 6,600,83.7,19.54,9.39,98.63,13,Critical
250,8.56,Stainless Steel,ASTM A333 Grade 6,600,-2.6,8.07,8.43,98.48,7,Critical
200,8.86,HDPE,ASTM A106 Grade B,300,-40.4,9.44,7.99,90.18,3,Critical
100,7.89,Stainless Steel,ASTM A106 Grade B,600,-32.2,19.92,3.05,38.66,11,Moderate
100,5.25,Carbon Steel,API 5L X52,600,-19.8,17.61,9.96,189.71,19,Critical
100,7.07,Carbon Steel,API 5L X42,150,27.4,1.45,7.91,111.88,4,Critical
200,11.23,Carbon Steel,API 5L X52,1500,33.4,19.23,8.55,76.14,22,Critical
250,14.41,HDPE,API 5L X52,2500,-0.2,2.77,5.32,36.92,24,Critical
1000,27.26,HDPE,ASTM A106 Grade B,600,54.0,7.23,2.15,7.89,5,Moderate
600,13.68,Carbon Steel,ASTM A333 Grade 6,300,84.8,2.05,7.14,52.19,6,Critical
1500,47.8,Stainless Steel,ASTM A333 Grade 6,300,10.1,15.3,9.43,19.73,6,Critical
800,29.51,HDPE,ASTM A333 Grade 6,300,128.8,3.09,9.75,33.04,1,Critical
150,7.48,Stainless Steel,API 5L X65,900,80.5,8.07,0.18,2.41,11,Normal
600,26.47,HDPE,ASTM A333 Grade 6,2500,36.2,7.17,8.48,32.04,18,Critical
300,13.68,Carbon Steel,API 5L X65,900,12.3,17.18,4.66,34.06,21,Moderate
300,9.59,Carbon Steel,ASTM A106 Grade B,1500,73.0,13.07,0.19,1.98,7,Normal
100,4.28,Stainless Steel,ASTM A333 Grade 6,900,83.1,5.11,7.92,185.05,1,Critical
800,21.96,Fiberglass,API 5L X42,600,19.0,10.82,0.43,1.96,12,Normal
500,10.21,Carbon Steel,ASTM A333 Grade 6,300,68.3,16.88,9.25,90.6,19,Critical
500,19.32,HDPE,API 5L X65,900,90.4,18.76,4.4,22.77,4,Moderate
250,13.65,Fiberglass,API 5L X65,150,37.4,6.56,3.7,27.11,18,Moderate
200,10.98,HDPE,ASTM A333 Grade 6,600,20.6,9.9,6.62,60.29,6,Critical
800,31.24,Fiberglass,ASTM A106 Grade B,300,108.5,3.05,9.35,29.93,13,Critical
500,20.02,Stainless Steel,API 5L X65,900,17.1,9.57,1.08,5.39,7,Normal
500,11.35,Stainless Steel,API 5L X65,600,57.8,18.93,2.5,22.03,17,Moderate
600,29.1,Fiberglass,API 5L X65,1500,3.4,19.05,8.2,28.18,7,Critical
600,17.64,Carbon Steel,ASTM A333 Grade 6,150,44.9,0.62,5.22,29.59,10,Critical
150,8.75,Fiberglass,ASTM A333 Grade 6,900,3.7,16.84,3.84,43.89,17,Moderate
400,11.43,Fiberglass,ASTM A106 Grade B,1500,77.6,16.88,0.56,4.9,10,Normal
500,15.27,HDPE,ASTM A106 Grade B,150,43.7,19.41,8.01,52.46,25,Critical
100,5.45,Stainless Steel,ASTM A106 Grade B,600,12.4,14.13,8.86,162.57,11,Critical
100,5.78,Carbon Steel,API 5L X65,900,49.4,13.28,0.07,1.21,14,Normal
150,7.52,Stainless Steel,API 5L X65,600,3.9,6.91,3.12,41.49,16,Moderate
50,4.73,HDPE,ASTM A106 Grade B,150,-26.1,6.97,1.24,26.22,11,Normal
150,9.06,PVC,API 5L X52,300,41.6,8.06,5.92,65.34,23,Critical
250,11.12,PVC,API 5L X52,150,50.1,10.85,0.34,3.06,21,Normal
200,7.76,PVC,ASTM A106 Grade B,600,73.9,6.25,0.82,10.57,10,Normal
1000,28.91,Fiberglass,API 5L X52,600,69.6,16.07,6.87,23.76,22,Critical
200,11.71,Stainless Steel,ASTM A106 Grade B,300,104.8,0.59,8.29,70.79,21,Critical
150,9.62,Fiberglass,ASTM A106 Grade B,150,126.0,8.47,3.19,33.16,10,Moderate
150,5.71,HDPE,ASTM A333 Grade 6,600,50.1,2.81,5.52,96.67,16,Critical
250,8.98,HDPE,API 5L X42,2500,3.0,15.03,2.72,30.29,25,Moderate
200,9.26,HDPE,ASTM A333 Grade 6,300,95.9,15.17,0.39,4.21,11,Normal
50,4.88,Carbon Steel,API 5L X42,600,23.9,12.19,1.94,39.75,2,Normal
800,26.68,Stainless Steel,ASTM A106 Grade B,150,77.3,1.72,1.7,6.37,2,Normal
800,28.91,HDPE,API 5L X52,2500,113.9,7.13,6.97,24.11,11,Critical
1200,19.06,Carbon Steel,ASTM A333 Grade 6,600,10.0,18.3,0.64,3.36,24,Normal
600,17.16,HDPE,API 5L X52,150,47.0,4.92,7.12,41.49,2,Critical
150,5.41,Fiberglass,ASTM A333 Grade 6,1500,44.1,9.25,8.4,155.27,8,Critical
300,17.74,HDPE,API 5L X42,2500,28.4,1.77,0.85,4.79,15,Normal
1200,35.19,HDPE,ASTM A333 Grade 6,600,45.8,7.81,3.15,8.95,22,Moderate
300,13.22,Carbon Steel,API 5L X65,300,-25.0,17.49,1.06,8.02,12,Normal
1500,42.02,PVC,API 5L X52,900,21.2,9.66,7.87,18.73,10,Critical
250,12.72,HDPE,ASTM A333 Grade 6,150,49.0,8.12,2.68,21.07,13,Moderate
500,21.07,HDPE,ASTM A333 Grade 6,600,83.4,9.54,1.16,5.51,1,Normal
100,4.52,Stainless Steel,API 5L X42,300,-25.5,0.61,7.73,171.02,21,Critical
600,12.67,Carbon Steel,API 5L X52,600,60.0,0.91,8.3,65.51,20,Critical
400,15.28,Carbon Steel,API 5L X52,600,13.1,4.66,0.1,0.65,22,Normal
1000,26.76,Fiberglass,API 5L X42,2500,44.5,19.02,3.99,14.91,2,Moderate
1200,31.17,Carbon Steel,ASTM A333 Grade 6,150,6.4,17.64,0.37,1.19,10,Normal
250,8.39,HDPE,API 5L X42,900,-18.0,19.43,4.67,55.66,14,Moderate
1200,27.97,Stainless Steel,ASTM A106 Grade B,150,22.8,8.28,5.33,19.06,18,Critical
300,14.98,PVC,API 5L X65,150,-36.3,8.76,9.45,63.08,13,Critical
1000,19.34,PVC,ASTM A106 Grade B,300,33.5,5.84,8.87,45.86,23,Critical
500,21.07,Stainless Steel,ASTM A333 Grade 6,900,121.1,19.73,6.19,29.38,9,Critical
400,17.35,Carbon Steel,ASTM A333 Grade 6,900,9.6,13.27,7.76,44.73,20,Critical
1500,32.52,Stainless Steel,API 5L X42,300,50.3,16.56,1.61,4.95,4,Normal
150,5.67,Stainless Steel,API 5L X52,300,21.1,14.81,2.16,38.1,2,Moderate
50,5.84,PVC,ASTM A333 Grade 6,1500,63.9,19.37,4.08,69.86,18,Moderate
250,7.48,Stainless Steel,ASTM A333 Grade 6,2500,22.4,16.24,1.07,14.3,8,Normal
50,5.1,Carbon Steel,API 5L X42,1500,123.1,16.93,5.24,102.75,21,Critical
600,26.1,Carbon Steel,ASTM A333 Grade 6,900,-34.0,7.16,7.0,26.82,3,Critical
800,17.68,Carbon Steel,API 5L X52,600,-8.1,11.35,9.76,55.2,15,Critical
150,8.14,HDPE,API 5L X42,600,80.5,0.6,3.07,37.71,20,Moderate
300,8.61,Stainless Steel,ASTM A106 Grade B,600,89.5,6.63,0.01,0.12,21,Normal
1200,29.77,Carbon Steel,API 5L X42,150,124.8,6.59,7.7,25.86,17,Critical
1500,33.67,Carbon Steel,API 5L X65,900,63.0,18.34,3.72,11.05,8,Moderate
1200,34.1,PVC,API 5L X65,150,75.2,13.57,0.53,1.55,10,Normal
250,14.04,Carbon Steel,ASTM A106 Grade B,900,14.2,18.33,5.0,35.61,5,Moderate
500,11.64,PVC,ASTM A106 Grade B,300,25.0,10.3,7.78,66.84,24,Critical
150,7.88,Stainless Steel,API 5L X65,600,25.2,2.58,1.79,22.72,2,Normal
600,15.66,Stainless Steel,ASTM A333 Grade 6,900,37.8,6.92,0.44,2.81,5,Normal
400,18.59,HDPE,API 5L X52,150,45.5,7.49,8.65,46.53,11,Critical
300,13.55,HDPE,API 5L X42,1500,29.0,7.94,4.79,35.35,7,Moderate
250,9.01,HDPE,API 5L X65,1500,8.1,14.67,7.8,86.57,16,Critical
400,12.1,HDPE,API 5L X52,2500,51.2,3.4,4.52,37.36,16,Moderate
600,22.48,Fiberglass,ASTM A333 Grade 6,600,73.3,14.86,5.51,24.51,12,Critical
300,10.32,Carbon Steel,ASTM A106 Grade B,150,10.0,13.16,5.12,49.61,19,Critical
500,14.46,PVC,ASTM A106 Grade B,600,-15.3,15.12,2.94,20.33,23,Moderate
1200,21.53,HDPE,API 5L X52,900,17.2,19.61,6.89,32.0,24,Critical
100,4.1,HDPE,ASTM A106 Grade B,900,-36.6,9.98,5.68,138.54,19,Critical
1500,40.48,PVC,API 5L X65,1500,98.3,9.95,4.61,11.39,18,Moderate
150,6.56,Stainless Steel,ASTM A333 Grade 6,150,76.9,9.65,6.62,100.91,18,Critical
1200,33.44,Fiberglass,API 5L X65,300,69.9,8.39,7.09,21.2,5,Critical
250,14.39,Stainless Steel,API 5L X52,1500,53.2,17.67,9.08,63.1,10,Critical
800,19.01,Stainless Steel,ASTM A106 Grade B,150,67.6,16.13,7.98,41.98,5,Critical
400,15.24,Carbon Steel,API 5L X52,150,38.5,7.57,1.6,10.5,13,Normal
50,3.27,Stainless Steel,API 5L X42,300,41.0,0.64,3.03,92.66,9,Moderate
300,7.91,HDPE,API 5L X42,1500,20.7,10.81,2.29,28.95,12,Moderate
400,19.86,Carbon Steel,ASTM A333 Grade 6,2500,43.1,2.27,2.18,10.98,1,Moderate
50,4.44,Carbon Steel,API 5L X65,900,79.4,6.13,6.24,140.54,24,Critical
800,19.04,PVC,API 5L X65,150,111.0,0.01,5.01,26.31,6,Critical
250,9.98,HDPE,API 5L X52,900,53.2,3.57,3.4,34.07,11,Moderate
100,4.34,Fiberglass,ASTM A333 Grade 6,1500,22.6,7.12,1.62,37.33,3,Normal
150,9.38,Stainless Steel,API 5L X52,1500,29.5,10.11,2.41,25.69,1,Moderate
400,15.39,Fiberglass,ASTM A333 Grade 6,150,119.6,16.37,8.0,51.98,14,Critical
1500,37.59,Stainless Steel,API 5L X42,900,69.7,11.87,1.39,3.7,7,Normal
1500,30.85,Carbon Steel,ASTM A106 Grade B,900,18.5,12.39,8.37,27.13,24,Critical
1200,36.08,Carbon Steel,API 5L X52,1500,17.7,10.34,4.61,12.78,14,Moderate
1500,40.66,Stainless Steel,API 5L X42,1500,90.8,8.74,0.53,1.3,17,Normal
200,7.73,Stainless Steel,ASTM A333 Grade 6,150,51.4,17.0,0.49,6.34,4,Normal
250,10.72,HDPE,ASTM A333 Grade 6,900,-8.5,5.3,5.51,51.4,13,Critical
250,9.25,PVC,API 5L X65,150,28.1,9.2,4.56,49.3,18,Moderate
50,5.61,Fiberglass,ASTM A333 Grade 6,2500,1.3,3.5,9.53,169.88,8,Critical
150,9.71,HDPE,API 5L X65,900,11.6,3.38,2.72,28.01,24,Moderate
100,6.21,PVC,API 5L X52,1500,50.5,19.94,4.78,76.97,4,Moderate
1500,22.39,HDPE,API 5L X52,1500,57.9,12.28,2.8,12.51,20,Moderate
1500,45.28,Carbon Steel,API 5L X52,900,9.2,17.55,1.13,2.5,6,Normal
1000,22.05,Stainless Steel,API 5L X52,1500,29.4,0.25,7.56,34.29,4,Critical
250,11.53,Fiberglass,ASTM A106 Grade B,300,-9.0,9.6,1.84,15.96,22,Normal
50,5.28,Carbon Steel,ASTM A106 Grade B,900,53.5,19.26,0.86,16.29,17,Normal
1200,30.85,Stainless Steel,ASTM A333 Grade 6,2500,67.6,7.07,8.9,28.85,19,Critical
1200,38.85,PVC,ASTM A106 Grade B,900,77.4,11.5,0.03,0.08,18,Normal
1000,31.79,HDPE,ASTM A333 Grade 6,2500,19.9,7.87,8.45,26.58,12,Critical
100,5.28,HDPE,API 5L X52,1500,-0.5,0.88,2.37,44.89,18,Moderate
50,3.72,Fiberglass,API 5L X42,1500,89.2,7.29,2.28,61.29,6,Moderate
300,12.36,Stainless Steel,API 5L X65,1500,10.2,1.58,2.06,16.67,4,Moderate
800,14.93,Stainless Steel,API 5L X42,150,76.7,1.74,7.64,51.17,5,Critical
250,13.81,Stainless Steel,ASTM A333 Grade 6,300,-2.9,5.82,3.7,26.79,1,Moderate
150,9.06,Stainless Steel,API 5L X42,1500,36.5,3.74,3.59,39.62,6,Moderate
800,30.08,Stainless Steel,API 5L X52,2500,78.4,0.68,3.95,13.13,7,Moderate
600,12.87,HDPE,API 5L X65,150,59.2,1.96,5.9,45.84,10,Critical
50,5.11,HDPE,API 5L X42,300,2.0,16.71,1.89,36.99,22,Normal
250,9.91,Carbon Steel,ASTM A106 Grade B,2500,42.7,10.05,0.38,3.83,25,Normal
300,10.62,Fiberglass,API 5L X65,2500,30.6,4.55,7.18,67.61,7,Critical
250,13.79,Fiberglass,API 5L X42,300,93.5,12.87,4.14,30.02,17,Moderate
500,21.72,Stainless Steel,API 5L X65,600,51.8,3.16,8.67,39.92,13,Critical
200,7.2,PVC,API 5L X65,900,26.3,5.64,8.76,121.67,14,Critical
100,6.92,Fiberglass,ASTM A333 Grade 6,150,48.5,19.88,2.12,30.64,21,Moderate
800,26.21,Fiberglass,ASTM A333 Grade 6,600,117.5,3.85,0.07,0.27,10,Normal
800,22.69,Stainless Steel,ASTM A106 Grade B,900,55.8,10.82,2.11,9.3,19,Moderate
150,9.5,Carbon Steel,ASTM A106 Grade B,300,-14.4,15.66,2.94,30.95,11,Moderate
150,7.12,Carbon Steel,API 5L X52,150,43.5,11.39,5.19,72.89,22,Critical
250,8.53,Stainless Steel,ASTM A106 Grade B,300,51.8,18.04,8.17,95.78,6,Critical
600,16.64,Stainless Steel,API 5L X42,2500,45.3,8.27,7.75,46.57,14,Critical
150,5.43,HDPE,API 5L X42,2500,93.0,14.89,7.94,146.22,11,Critical
50,5.0,PVC,ASTM A106 Grade B,900,12.8,7.87,4.72,94.4,4,Moderate
400,18.8,Fiberglass,API 5L X52,600,84.4,13.84,6.85,36.44,8,Critical
150,7.25,Carbon Steel,ASTM A333 Grade 6,600,11.0,1.34,0.78,10.76,12,Normal
150,5.7,HDPE,API 5L X65,2500,37.3,19.64,3.25,57.02,9,Moderate
1500,36.36,PVC,ASTM A333 Grade 6,300,53.7,15.07,3.33,9.16,4,Moderate
300,17.1,Fiberglass,API 5L X52,900,94.3,1.3,2.8,16.37,16,Moderate
1200,35.94,Fiberglass,API 5L X42,2500,59.7,2.46,8.74,24.32,23,Critical
250,9.07,PVC,ASTM A333 Grade 6,300,4.6,10.86,7.99,88.09,9,Critical
400,18.5,PVC,ASTM A333 Grade 6,1500,20.1,2.13,7.4,40.0,14,Critical
50,3.84,Stainless Steel,ASTM A106 Grade B,150,103.8,10.56,6.08,158.33,25,Critical
600,28.54,Fiberglass,API 5L X52,300,-16.8,9.59,7.41,25.96,22,Critical
150,9.8,HDPE,ASTM A106 Grade B,900,15.0,19.89,2.78,28.37,24,Moderate
400,10.84,Stainless Steel,API 5L X52,600,52.6,19.76,0.73,6.73,11,Normal
300,7.26,Fiberglass,API 5L X52,900,-42.6,4.77,2.94,40.5,14,Moderate
1000,33.91,Stainless Steel,ASTM A333 Grade 6,600,22.2,17.02,0.54,1.59,13,Normal
200,11.46,Stainless Steel,ASTM A333 Grade 6,900,65.9,7.26,6.64,57.94,24,Critical
1200,37.41,Carbon Steel,API 5L X65,2500,37.3,1.59,1.39,3.72,15,Normal
800,19.49,Fiberglass,API 5L X52,600,12.4,18.09,6.92,35.51,13,Critical
200,8.69,Carbon Steel,API 5L X65,2500,45.2,1.94,0.46,5.29,23,Normal
1000,26.68,Stainless Steel,ASTM A333 Grade 6,900,28.9,10.81,7.59,28.45,16,Critical
1200,39.24,Carbon Steel,API 5L X42,900,64.9,14.05,0.71,1.81,7,Normal
1200,22.11,PVC,ASTM A106 Grade B,150,130.3,2.48,7.65,34.6,12,Critical
300,8.06,Fiberglass,API 5L X42,600,25.1,6.17,3.02,37.47,7,Moderate
150,6.44,Carbon Steel,ASTM A333 Grade 6,600,54.6,3.36,9.07,140.84,25,Critical
400,16.46,PVC,API 5L X42,600,83.5,8.72,0.47,2.86,23,Normal
1500,31.01,Carbon Steel,ASTM A106 Grade B,2500,23.6,7.25,1.59,5.13,23,Normal
1200,19.22,Carbon Steel,API 5L X52,2500,77.7,14.18,6.42,33.4,7,Critical
1000,24.04,Carbon Steel,ASTM A106 Grade B,300,109.6,11.57,0.55,2.29,5,Normal
600,24.78,HDPE,API 5L X42,600,41.9,14.82,8.49,34.26,18,Critical
1000,17.8,PVC,API 5L X42,150,68.3,3.97,8.42,47.3,19,Critical
400,14.63,HDPE,API 5L X42,900,71.7,5.17,3.74,25.56,13,Moderate
1000,23.09,HDPE,API 5L X65,150,97.5,5.43,7.98,34.56,14,Critical
250,14.41,HDPE,ASTM A333 Grade 6,1500,8.9,4.82,0.87,6.04,19,Normal
250,10.15,PVC,ASTM A333 Grade 6,2500,65.7,14.34,9.59,94.48,2,Critical
1000,26.3,HDPE,API 5L X42,2500,34.4,19.5,6.68,25.4,10,Critical
1500,27.26,Carbon Steel,ASTM A333 Grade 6,900,39.7,2.36,7.04,25.83,9,Critical
250,11.54,PVC,API 5L X52,600,33.1,18.2,5.96,51.65,25,Critical
250,11.08,Carbon Steel,ASTM A333 Grade 6,900,75.3,5.85,4.92,44.4,21,Moderate
300,7.51,PVC,API 5L X52,300,118.2,10.35,1.69,22.5,11,Normal
800,17.38,Fiberglass,API 5L X42,1500,7.3,17.51,0.27,1.55,10,Normal
50,4.61,Fiberglass,API 5L X42,150,62.2,0.31,0.81,17.57,13,Normal
250,13.91,Stainless Steel,API 5L X65,150,50.4,5.1,6.97,50.11,20,Critical
200,6.18,Fiberglass,API 5L X52,1500,95.2,0.18,2.95,47.73,24,Moderate
400,17.89,Carbon Steel,API 5L X65,600,50.6,3.04,4.51,25.21,18,Moderate
1200,29.45,HDPE,API 5L X65,300,52.3,10.23,8.92,30.29,25,Critical
600,19.72,PVC,ASTM A106 Grade B,1500,-16.8,10.41,2.66,13.49,3,Moderate
300,15.03,Stainless Steel,ASTM A333 Grade 6,600,54.8,14.85,7.96,52.96,5,Critical
500,18.76,Fiberglass,API 5L X42,2500,45.7,13.43,0.11,0.59,12,Normal
600,18.65,Stainless Steel,API 5L X52,900,31.6,4.92,4.15,22.25,12,Moderate
200,6.48,HDPE,ASTM A333 Grade 6,300,15.5,2.0,9.55,147.38,13,Critical
500,19.58,Carbon Steel,API 5L X65,900,89.8,6.51,4.78,24.41,7,Moderate
50,3.59,Fiberglass,ASTM A333 Grade 6,300,63.5,4.65,8.62,240.11,2,Critical
800,25.7,Carbon Steel,ASTM A333 Grade 6,2500,77.7,13.12,8.1,31.52,18,Critical
400,19.8,Fiberglass,API 5L X52,1500,59.6,6.84,2.5,12.63,8,Moderate
300,7.67,Fiberglass,API 5L X42,600,24.5,3.81,3.54,46.15,18,Moderate
800,30.43,PVC,API 5L X42,300,-23.5,17.35,7.69,25.27,2,Critical
600,16.38,Stainless Steel,ASTM A333 Grade 6,600,37.7,0.97,9.55,58.3,8,Critical
300,16.23,PVC,ASTM A106 Grade B,1500,36.0,5.92,7.49,46.15,7,Critical
1000,34.89,Stainless Steel,API 5L X42,600,84.6,19.06,9.66,27.69,13,Critical
100,7.7,Fiberglass,API 5L X52,900,28.8,13.74,4.68,60.78,20,Moderate
1500,37.94,Stainless Steel,ASTM A106 Grade B,150,60.3,13.98,6.6,17.4,15,Critical
300,12.84,Stainless Steel,API 5L X65,300,81.8,16.55,2.9,22.59,22,Moderate
1200,36.51,PVC,API 5L X65,600,64.3,2.61,6.0,16.43,25,Critical
150,8.25,Carbon Steel,API 5L X52,600,34.8,11.25,8.85,107.27,22,Critical
1000,17.06,Stainless Steel,API 5L X65,300,-32.5,8.8,2.63,15.42,2,Moderate
1000,32.09,HDPE,API 5L X65,1500,25.5,13.34,4.12,12.84,20,Moderate
100,5.1,Fiberglass,API 5L X65,600,115.8,3.39,1.03,20.2,11,Normal
500,11.45,Stainless Steel,API 5L X65,300,29.5,0.29,7.15,62.45,2,Critical
100,5.64,Fiberglass,ASTM A106 Grade B,900,20.9,6.42,4.88,86.52,2,Moderate
1500,41.19,Carbon Steel,ASTM A333 Grade 6,600,81.0,4.6,9.33,22.65,22,Critical
250,6.62,Stainless Steel,ASTM A106 Grade B,1500,36.9,18.18,0.01,0.15,16,Normal
300,14.69,PVC,ASTM A333 Grade 6,300,38.8,6.6,5.59,38.05,18,Critical
200,7.08,Stainless Steel,API 5L X65,600,-7.9,10.46,4.73,66.81,20,Moderate
50,3.2,PVC,ASTM A333 Grade 6,900,75.5,19.11,7.07,220.94,4,Critical
250,11.01,Fiberglass,ASTM A106 Grade B,300,4.1,19.65,2.08,18.89,3,Moderate
250,7.62,PVC,ASTM A333 Grade 6,900,51.7,13.11,5.51,72.31,11,Critical
50,3.33,PVC,API 5L X52,150,32.5,1.52,5.86,175.98,18,Critical
400,10.62,Fiberglass,API 5L X42,150,52.7,15.45,5.39,50.75,21,Critical
400,13.53,HDPE,ASTM A333 Grade 6,150,44.8,8.37,0.52,3.84,10,Normal
800,12.09,HDPE,API 5L X52,1500,10.5,0.11,3.74,30.93,24,Moderate
1500,43.41,Carbon Steel,API 5L X52,300,42.0,2.09,1.95,4.49,12,Normal
50,5.21,Fiberglass,API 5L X52,2500,17.4,3.97,7.35,141.07,2,Critical
500,18.46,HDPE,API 5L X42,2500,21.0,12.59,9.89,53.58,20,Critical
50,4.03,HDPE,ASTM A106 Grade B,150,32.7,19.88,0.2,4.96,6,Normal
200,6.58,Stainless Steel,API 5L X65,300,78.8,7.47,1.97,29.94,19,Normal
800,15.93,HDPE,API 5L X65,1500,31.0,16.53,0.34,2.13,20,Normal
600,10.33,PVC,ASTM A333 Grade 6,300,95.8,3.46,7.68,74.35,4,Critical
400,18.23,Stainless Steel,ASTM A333 Grade 6,1500,49.1,1.07,1.63,8.94,4,Normal
800,17.28,PVC,API 5L X52,300,45.5,4.39,0.91,5.27,3,Normal
150,6.29,Fiberglass,API 5L X42,1500,-2.9,10.56,0.23,3.66,23,Normal
300,17.17,Fiberglass,ASTM A106 Grade B,2500,46.2,8.38,4.7,27.37,11,Moderate
400,11.98,Carbon Steel,ASTM A333 Grade 6,300,-44.1,16.96,1.54,12.85,8,Normal
250,8.74,Carbon Steel,ASTM A333 Grade 6,2500,22.6,3.9,4.41,50.46,19,Moderate
200,10.26,Stainless Steel,ASTM A333 Grade 6,600,24.1,11.01,0.12,1.17,24,Normal
500,23.22,PVC,ASTM A333 Grade 6,900,46.8,13.79,3.08,13.26,18,Moderate
500,13.5,PVC,API 5L X42,300,-10.1,9.9,5.45,40.37,25,Critical
250,8.83,Fiberglass,ASTM A333 Grade 6,2500,80.1,4.16,2.22,25.14,20,Moderate
100,6.22,Fiberglass,API 5L X42,1500,48.5,6.68,4.13,66.4,21,Moderate
50,4.59,Stainless Steel,API 5L X65,600,53.0,19.59,9.62,209.59,1,Critical
250,13.97,Fiberglass,ASTM A333 Grade 6,2500,91.2,6.08,2.31,16.54,15,Moderate
250,7.81,Stainless Steel,ASTM A106 Grade B,2500,0.2,4.22,8.43,107.94,20,Critical
500,17.25,Fiberglass,API 5L X52,900,115.9,3.95,3.41,19.77,3,Moderate
1500,38.44,HDPE,API 5L X52,2500,84.5,19.2,7.43,19.33,15,Critical
1000,19.27,Carbon Steel,API 5L X65,1500,14.9,1.18,5.13,26.62,11,Critical
600,27.65,Carbon Steel,API 5L X52,1500,59.7,15.54,7.65,27.67,14,Critical
250,10.91,Fiberglass,ASTM A333 Grade 6,600,101.0,16.72,3.49,31.99,21,Moderate
250,8.36,Carbon Steel,API 5L X52,2500,13.4,0.78,2.6,31.1,14,Moderate
1200,39.82,PVC,API 5L X42,150,85.1,3.94,8.5,21.35,8,Critical
1200,29.76,HDPE,ASTM A333 Grade 6,1500,26.7,2.75,9.71,32.63,14,Critical
250,14.25,Fiberglass,ASTM A106 Grade B,600,78.3,8.49,4.82,33.82,11,Moderate
100,7.2,PVC,API 5L X52,300,56.0,4.52,2.54,35.28,11,Moderate
200,6.0,Carbon Steel,ASTM A333 Grade 6,2500,54.9,6.59,2.97,49.5,3,Moderate
150,7.85,Stainless Steel,API 5L X65,1500,80.3,13.23,4.91,62.55,13,Moderate
200,6.59,Stainless Steel,API 5L X42,900,21.4,12.65,1.39,21.09,17,Normal
1500,23.28,PVC,API 5L X65,300,55.9,7.31,3.44,14.78,24,Moderate
200,8.95,Fiberglass,ASTM A106 Grade B,2500,-14.8,7.22,4.9,54.75,20,Moderate
500,23.11,Carbon Steel,API 5L X65,900,-25.8,0.55,7.04,30.46,19,Critical
250,7.67,Carbon Steel,ASTM A333 Grade 6,300,17.0,13.07,4.56,59.45,14,Moderate
100,5.11,PVC,API 5L X42,300,29.8,9.35,8.54,167.12,12,Critical
150,5.98,Carbon Steel,ASTM A333 Grade 6,150,30.0,16.0,8.47,141.64,2,Critical
500,11.8,Stainless Steel,API 5L X42,1500,9.0,4.58,7.75,65.68,7,Critical
100,7.56,PVC,ASTM A106 Grade B,150,38.4,9.05,2.22,29.37,25,Moderate
250,12.07,HDPE,API 5L X52,600,5.4,2.33,9.2,76.22,17,Critical
400,15.86,Carbon Steel,ASTM A333 Grade 6,150,24.0,1.32,1.06,6.68,1,Normal
150,5.86,PVC,ASTM A333 Grade 6,900,-9.0,1.97,4.22,72.01,7,Moderate
250,10.98,Carbon Steel,API 5L X52,300,-13.0,8.3,5.05,45.99,23,Critical
1000,20.36,Stainless Steel,API 5L X42,600,73.4,9.77,5.07,24.9,20,Critical
300,9.5,Carbon Steel,API 5L X42,1500,63.9,1.68,1.77,18.63,20,Normal
250,11.93,Stainless Steel,ASTM A333 Grade 6,900,-1.5,13.99,9.05,75.86,1,Critical
100,6.48,Carbon Steel,ASTM A106 Grade B,1500,25.2,19.86,0.84,12.96,3,Normal
1500,32.42,Carbon Steel,ASTM A333 Grade 6,2500,52.5,14.33,0.35,1.08,9,Normal
50,5.91,Stainless Steel,ASTM A333 Grade 6,1500,69.5,12.51,2.88,48.73,3,Moderate
1200,38.4,Carbon Steel,ASTM A106 Grade B,150,55.4,4.88,5.01,13.05,4,Critical
400,17.67,Stainless Steel,API 5L X65,1500,93.7,2.43,4.28,24.22,16,Moderate
1500,32.43,Carbon Steel,API 5L X42,1500,74.1,10.62,5.41,16.68,10,Critical
50,5.77,HDPE,ASTM A106 Grade B,600,145.9,15.87,3.71,64.3,17,Moderate
500,24.6,Fiberglass,ASTM A333 Grade 6,2500,112.2,3.86,4.95,20.12,20,Moderate
1000,17.02,Stainless Steel,API 5L X42,2500,59.2,12.76,4.63,27.2,12,Moderate
500,20.74,Fiberglass,API 5L X52,900,76.6,8.08,6.73,32.45,21,Critical
50,4.64,HDPE,ASTM A106 Grade B,300,43.9,10.26,6.19,133.41,12,Critical
100,7.34,Stainless Steel,API 5L X52,150,43.4,0.36,5.22,71.12,6,Critical
200,7.11,Stainless Steel,API 5L X42,900,82.3,19.23,9.02,126.86,8,Critical
150,8.14,HDPE,API 5L X52,900,49.4,13.53,1.68,20.64,18,Normal
500,20.14,Fiberglass,ASTM A333 Grade 6,2500,-41.4,14.99,7.22,35.85,4,Critical
250,7.07,HDPE,API 5L X42,1500,83.0,0.67,4.25,60.11,11,Moderate
1500,39.12,Fiberglass,API 5L X52,2500,40.7,2.54,7.87,20.12,5,Critical
250,9.86,HDPE,API 5L X65,600,68.4,7.98,6.94,70.39,17,Critical
1500,29.64,Fiberglass,API 5L X42,600,9.4,1.29,8.14,27.46,8,Critical
1000,20.64,Fiberglass,API 5L X65,150,11.9,15.55,9.03,43.75,24,Critical
500,10.34,Stainless Steel,API 5L X52,300,84.0,6.19,9.71,93.91,20,Critical
1500,44.48,Fiberglass,API 5L X52,1500,-29.6,13.89,0.34,0.76,16,Normal
300,16.19,Stainless Steel,API 5L X42,300,7.5,5.6,3.21,19.83,22,Moderate
400,10.36,Fiberglass,API 5L X52,300,47.7,12.23,8.44,81.47,1,Critical
200,11.25,Carbon Steel,API 5L X65,150,49.9,14.66,0.79,7.02,21,Normal
1500,48.21,HDPE,API 5L X65,300,-7.8,11.53,4.54,9.42,2,Moderate
500,24.71,Fiberglass,ASTM A106 Grade B,1500,117.0,15.95,3.69,14.93,13,Moderate
800,24.54,HDPE,API 5L X65,600,50.1,17.02,6.98,28.44,17,Critical
250,8.64,Carbon Steel,API 5L X52,1500,21.6,2.68,3.21,37.15,20,Moderate
800,28.92,Stainless Steel,API 5L X65,900,42.4,10.21,8.9,30.77,21,Critical
300,7.69,HDPE,API 5L X52,300,54.7,18.17,6.39,83.09,16,Critical
300,12.66,Fiberglass,ASTM A106 Grade B,1500,135.4,2.77,5.85,46.21,25,Critical
150,7.37,HDPE,API 5L X65,300,24.0,17.39,5.32,72.18,16,Critical
800,29.97,Carbon Steel,API 5L X65,150,29.2,0.68,8.88,29.63,6,Critical
250,6.91,Carbon Steel,API 5L X65,600,117.5,9.05,9.44,136.61,4,Critical
1200,23.28,PVC,ASTM A333 Grade 6,900,-3.5,5.46,2.8,12.03,2,Moderate
150,5.13,Stainless Steel,API 5L X52,300,70.6,4.04,4.43,86.35,16,Moderate
800,28.48,Carbon Steel,API 5L X52,2500,73.0,5.76,1.51,5.3,19,Normal
100,6.36,Carbon Steel,API 5L X52,600,144.7,19.8,7.5,117.92,9,Critical
50,3.16,Carbon Steel,API 5L X65,600,40.4,12.22,5.14,162.66,1,Critical
1000,24.52,HDPE,API 5L X52,300,42.2,19.14,5.62,22.92,13,Critical
500,11.99,PVC,API 5L X52,900,24.5,8.12,3.88,32.36,16,Moderate
100,5.28,Fiberglass,ASTM A333 Grade 6,1500,-15.4,7.52,0.93,17.61,5,Normal
300,10.97,PVC,API 5L X42,150,-42.6,11.52,4.7,42.84,16,Moderate
1200,24.25,Carbon Steel,API 5L X42,300,59.6,2.35,5.71,23.55,19,Critical
150,5.58,PVC,API 5L X52,900,33.2,13.73,2.75,49.28,14,Moderate
1500,49.53,PVC,API 5L X65,150,11.1,15.18,0.31,0.63,7,Normal
500,24.55,Fiberglass,ASTM A106 Grade B,900,-4.0,18.89,7.2,29.33,17,Critical
300,16.9,Fiberglass,API 5L X42,2500,102.6,5.02,8.27,48.93,3,Critical
1200,39.48,Stainless Steel,ASTM A333 Grade 6,300,-48.4,18.95,7.62,19.3,15,Critical
400,13.2,PVC,API 5L X42,2500,-18.2,17.05,7.78,58.94,2,Critical
800,23.08,Fiberglass,API 5L X65,900,52.5,10.44,4.15,17.98,23,Moderate
100,7.57,Carbon Steel,ASTM A333 Grade 6,2500,18.0,4.41,7.7,101.72,18,Critical
250,11.58,PVC,API 5L X65,600,32.0,1.09,1.9,16.41,7,Normal
50,4.12,Carbon Steel,ASTM A106 Grade B,600,-15.7,18.51,2.24,54.37,1,Moderate
50,3.71,HDPE,API 5L X52,300,-1.3,1.09,6.23,167.92,1,Critical
200,11.79,PVC,ASTM A333 Grade 6,900,-24.3,19.29,6.49,55.05,3,Critical
250,7.79,Carbon Steel,API 5L X65,1500,29.1,12.27,9.55,122.59,7,Critical
1200,33.47,HDPE,ASTM A333 Grade 6,600,32.2,1.96,4.88,14.58,2,Moderate
150,5.79,Fiberglass,API 5L X52,150,-1.8,12.67,2.89,49.91,16,Moderate
200,7.88,PVC,ASTM A333 Grade 6,150,-44.1,4.1,0.69,8.76,17,Normal
500,23.77,Fiberglass,API 5L X65,1500,27.2,16.06,3.02,12.71,20,Moderate
50,4.47,Fiberglass,ASTM A333 Grade 6,1500,-48.4,12.34,0.96,21.48,20,Normal
1000,22.01,Carbon Steel,ASTM A333 Grade 6,900,9.0,1.63,1.29,5.86,14,Normal
1000,31.87,PVC,ASTM A106 Grade B,1500,68.6,11.36,7.71,24.19,20,Critical
1200,22.36,PVC,API 5L X52,600,-1.7,14.85,0.6,2.68,22,Normal
1500,27.94,Stainless Steel,ASTM A333 Grade 6,2500,12.6,8.04,5.84,20.9,8,Critical
500,12.94,Carbon Steel,API 5L X42,900,92.1,14.83,4.63,35.78,6,Moderate
1200,26.41,Fiberglass,ASTM A106 Grade B,2500,-45.4,4.07,4.3,16.28,16,Moderate
1200,29.7,PVC,API 5L X65,2500,88.7,4.04,8.81,29.66,20,Critical
50,4.74,HDPE,ASTM A333 Grade 6,2500,76.4,8.88,9.94,209.7,23,Critical
200,10.82,HDPE,API 5L X65,300,47.0,10.63,0.19,1.76,3,Normal
600,27.32,HDPE,API 5L X52,600,51.3,12.75,0.2,0.73,8,Normal
500,18.36,Carbon Steel,API 5L X42,150,44.2,2.63,1.32,7.19,20,Normal
250,11.54,HDPE,ASTM A106 Grade B,1500,110.5,2.58,5.89,51.04,1,Critical
150,8.32,HDPE,ASTM A333 Grade 6,900,73.5,15.64,3.38,40.62,10,Moderate
100,6.31,PVC,ASTM A333 Grade 6,2500,29.2,3.95,0.65,10.3,10,Normal
300,8.56,Fiberglass,API 5L X52,150,114.4,6.52,4.85,56.66,13,Moderate
50,4.45,PVC,API 5L X42,1500,55.6,3.31,1.91,42.92,5,Normal
100,6.43,Stainless Steel,API 5L X52,2500,38.5,4.9,4.86,75.58,13,Moderate
100,4.31,Stainless Steel,API 5L X42,150,41.2,9.5,3.69,85.61,18,Moderate
300,7.25,HDPE,API 5L X65,150,37.1,2.62,7.58,104.55,18,Critical
200,9.94,Carbon Steel,ASTM A333 Grade 6,900,45.4,3.75,1.49,14.99,4,Normal
150,7.81,HDPE,ASTM A106 Grade B,300,67.2,4.15,1.66,21.25,9,Normal
1000,15.99,Carbon Steel,ASTM A106 Grade B,900,78.1,9.93,8.75,54.72,24,Critical
1200,22.08,PVC,API 5L X52,1500,6.1,3.22,7.37,33.38,17,Critical
1200,34.78,Carbon Steel,API 5L X65,1500,29.1,5.05,6.33,18.2,5,Critical
600,16.99,Fiberglass,API 5L X52,300,15.1,8.26,8.26,48.62,8,Critical
250,7.3,HDPE,API 5L X42,2500,50.5,9.36,1.83,25.07,23,Normal
300,15.46,HDPE,ASTM A106 Grade B,150,-11.8,12.57,7.01,45.34,15,Critical
1200,33.99,Carbon Steel,API 5L X65,1500,113.4,17.06,5.68,16.71,5,Critical
300,7.84,Stainless Steel,ASTM A106 Grade B,900,65.6,0.66,4.21,53.7,14,Moderate
1500,47.97,PVC,ASTM A106 Grade B,2500,-17.8,2.89,4.41,9.19,15,Moderate
500,20.29,Stainless Steel,API 5L X65,300,5.0,15.01,9.06,44.65,23,Critical
1000,23.59,Carbon Steel,API 5L X42,900,23.0,5.08,3.46,14.67,23,Moderate
400,11.3,Carbon Steel,API 5L X42,300,41.5,11.66,2.21,19.56,23,Moderate
250,14.97,Carbon Steel,ASTM A106 Grade B,150,-17.1,10.0,4.73,31.6,21,Moderate
200,8.26,Stainless Steel,ASTM A106 Grade B,300,38.2,14.73,7.27,88.01,6,Critical
50,3.43,HDPE,ASTM A333 Grade 6,1500,6.9,8.99,0.14,4.08,22,Normal
50,5.01,Stainless Steel,ASTM A106 Grade B,1500,19.0,19.39,2.58,51.5,15,Moderate
1000,26.39,Carbon Steel,ASTM A333 Grade 6,2500,17.3,14.12,0.19,0.72,25,Normal
150,7.36,Fiberglass,ASTM A106 Grade B,2500,93.3,19.9,2.14,29.08,15,Moderate
150,8.92,Carbon Steel,API 5L X65,1500,45.3,17.74,1.08,12.11,2,Normal
100,5.16,Carbon Steel,API 5L X65,600,77.7,16.22,8.21,159.11,14,Critical
100,4.1,PVC,API 5L X52,900,52.0,12.02,8.56,208.78,21,Critical
300,15.08,PVC,API 5L X65,1500,26.8,11.1,6.99,46.35,8,Critical
300,12.3,Fiberglass,API 5L X42,900,-1.9,0.49,8.94,72.68,3,Critical
1500,25.42,Stainless Steel,API 5L X52,1500,12.3,4.53,0.27,1.06,4,Normal
1500,38.49,Carbon Steel,API 5L X52,1500,47.9,9.79,5.75,14.94,13,Critical
250,14.81,HDPE,ASTM A333 Grade 6,2500,70.8,7.22,9.39,63.4,19,Critical
100,4.26,Stainless Steel,API 5L X42,900,17.4,12.07,0.69,16.2,24,Normal
150,6.8,Stainless Steel,API 5L X52,900,-0.7,17.58,3.43,50.44,7,Moderate
600,15.01,HDPE,API 5L X42,300,105.3,0.89,7.62,50.77,2,Critical
500,16.93,Fiberglass,API 5L X42,1500,56.6,3.99,9.35,55.23,1,Critical
200,8.15,Fiberglass,API 5L X42,150,-38.3,8.12,4.02,49.33,17,Moderate
200,11.54,Fiberglass,ASTM A106 Grade B,150,-18.6,9.17,5.72,49.57,12,Critical
1000,21.38,PVC,API 5L X42,600,23.1,14.04,8.89,41.58,6,Critical
100,7.35,Carbon Steel,API 5L X42,600,131.2,3.24,4.92,66.94,5,Moderate
1500,41.08,Fiberglass,API 5L X52,1500,16.6,9.56,2.27,5.53,14,Moderate
1200,36.4,HDPE,API 5L X52,150,33.2,4.56,2.09,5.74,21,Moderate
100,4.35,PVC,API 5L X52,1500,16.9,11.22,9.53,219.08,10,Critical
250,7.87,Carbon Steel,API 5L X65,2500,8.1,1.97,7.41,94.16,16,Critical
800,24.15,Fiberglass,API 5L X42,900,-50.0,17.82,1.27,5.26,24,Normal
200,8.1,Fiberglass,ASTM A333 Grade 6,150,-19.2,2.78,4.34,53.58,1,Moderate
100,4.08,HDPE,ASTM A106 Grade B,2500,66.9,1.39,9.45,231.62,20,Critical
1500,23.13,HDPE,API 5L X65,900,147.0,16.41,9.63,41.63,22,Critical
800,14.72,Carbon Steel,ASTM A106 Grade B,1500,16.3,3.1,3.54,24.05,2,Moderate
200,6.68,Fiberglass,API 5L X65,900,85.8,18.29,6.76,101.2,12,Critical
50,4.35,Fiberglass,API 5L X52,300,17.7,19.18,3.69,84.83,17,Moderate
400,16.15,PVC,API 5L X65,600,89.6,3.36,6.01,37.21,3,Critical
800,28.05,HDPE,API 5L X52,150,52.0,8.76,0.42,1.5,4,Normal
1200,18.36,Fiberglass,API 5L X42,900,-2.2,16.53,6.54,35.62,21,Critical
100,5.83,Carbon Steel,ASTM A333 Grade 6,150,46.4,15.07,1.24,21.27,5,Normal
1000,22.79,Fiberglass,API 5L X65,600,24.3,11.82,8.22,36.07,2,Critical
300,12.24,Fiberglass,API 5L X42,300,24.6,9.53,4.75,38.81,20,Moderate
100,4.29,Fiberglass,ASTM A106 Grade B,600,142.7,14.33,4.17,97.2,17,Moderate
400,11.94,PVC,ASTM A333 Grade 6,300,11.7,15.29,1.67,13.99,12,Normal
200,7.19,Carbon Steel,ASTM A106 Grade B,300,11.7,1.68,3.99,55.49,7,Moderate
600,23.85,Fiberglass,ASTM A106 Grade B,2500,49.6,5.78,1.82,7.63,1,Normal
1500,48.84,Fiberglass,API 5L X42,2500,52.1,3.51,9.8,20.07,23,Critical
250,9.25,Carbon Steel,ASTM A106 Grade B,300,74.2,3.69,2.64,28.54,6,Moderate
600,29.46,PVC,ASTM A333 Grade 6,600,46.6,11.64,0.45,1.53,5,Normal
500,11.26,Stainless Steel,API 5L X42,1500,77.9,14.86,8.67,77.0,14,Critical
200,12.0,PVC,API 5L X52,2500,1.0,6.49,8.78,73.17,17,Critical
250,10.56,Carbon Steel,API 5L X42,150,116.2,7.59,4.16,39.39,24,Moderate
600,10.09,Stainless Steel,ASTM A333 Grade 6,300,-20.1,3.04,6.15,60.95,14,Critical
200,10.57,Carbon Steel,API 5L X52,900,98.1,0.33,6.77,64.05,12,Critical
1500,45.56,Fiberglass,ASTM A106 Grade B,600,138.5,15.72,8.79,19.29,4,Critical
250,8.27,Fiberglass,ASTM A106 Grade B,1500,38.7,3.44,8.04,97.22,17,Critical
1500,48.66,PVC,API 5L X52,150,-6.2,5.48,5.24,10.77,6,Critical
50,5.24,Fiberglass,API 5L X65,150,79.6,12.7,0.08,1.53,7,Normal
150,8.31,Carbon Steel,API 5L X42,900,-16.7,2.76,7.64,91.94,4,Critical
250,9.37,PVC,ASTM A333 Grade 6,2500,54.6,7.99,8.96,95.62,16,Critical
400,19.06,Fiberglass,ASTM A333 Grade 6,2500,63.1,2.78,2.18,11.44,23,Moderate
1000,22.01,Fiberglass,ASTM A333 Grade 6,300,12.7,9.65,8.81,40.03,15,Critical
1200,30.98,Fiberglass,API 5L X52,300,82.6,12.91,2.38,7.68,18,Moderate
1000,21.91,HDPE,API 5L X52,150,105.7,14.23,0.76,3.47,7,Normal
800,24.25,Carbon Steel,API 5L X52,150,-28.4,8.1,8.04,33.15,9,Critical
300,17.77,PVC,ASTM A333 Grade 6,600,74.0,12.62,5.54,31.18,9,Critical
800,30.5,Stainless Steel,API 5L X52,2500,60.4,9.08,3.44,11.28,23,Moderate
1500,47.92,Fiberglass,API 5L X52,600,63.2,1.66,7.53,15.71,17,Critical
600,29.21,PVC,API 5L X65,900,1.6,14.94,5.67,19.41,3,Critical
100,4.31,HDPE,ASTM A106 Grade B,600,30.5,15.37,2.58,59.86,11,Moderate
800,29.61,Fiberglass,ASTM A106 Grade B,2500,-7.2,5.57,9.94,33.57,11,Critical
250,7.35,PVC,API 5L X65,900,43.5,14.63,2.84,38.64,6,Moderate
100,6.37,Carbon Steel,API 5L X42,900,37.8,2.89,7.99,125.43,13,Critical
600,23.46,Fiberglass,API 5L X42,900,2.8,13.95,6.4,27.28,1,Critical
300,8.96,Fiberglass,API 5L X52,2500,43.2,3.8,1.19,13.28,12,Normal
300,9.71,Fiberglass,ASTM A106 Grade B,1500,-22.9,8.9,4.15,42.74,10,Moderate
400,9.89,HDPE,ASTM A106 Grade B,1500,11.0,16.31,0.86,8.7,19,Normal
150,7.34,Fiberglass,API 5L X52,1500,16.9,6.6,3.21,43.73,16,Moderate
150,5.98,Carbon Steel,API 5L X42,1500,-7.2,11.61,6.32,105.69,1,Critical
500,17.56,Stainless Steel,API 5L X65,300,19.4,17.52,6.12,34.85,20,Critical
400,18.18,Carbon Steel,API 5L X52,600,133.9,2.06,1.64,9.02,23,Normal
200,8.29,PVC,ASTM A333 Grade 6,1500,58.0,4.73,1.65,19.9,10,Normal
500,22.11,Fiberglass,ASTM A106 Grade B,600,35.1,10.4,3.0,13.57,8,Moderate
1500,47.99,Fiberglass,API 5L X65,150,51.8,2.01,5.34,11.13,5,Critical
600,25.19,Fiberglass,API 5L X52,600,-40.9,1.9,5.63,22.35,25,Critical
1200,36.86,Carbon Steel,API 5L X42,1500,54.1,3.7,7.92,21.49,15,Critical
200,7.28,PVC,API 5L X65,600,54.1,19.07,9.18,126.1,11,Critical
500,15.64,Fiberglass,API 5L X65,300,41.6,3.71,3.73,23.85,22,Moderate
200,11.87,Stainless Steel,ASTM A333 Grade 6,600,35.4,19.72,9.6,80.88,8,Critical
150,9.28,HDPE,API 5L X65,600,-23.7,16.37,2.7,29.09,7,Moderate
800,30.78,Fiberglass,API 5L X65,900,87.8,18.36,4.88,15.85,4,Moderate
150,8.29,Stainless Steel,API 5L X52,2500,13.4,19.59,5.66,68.28,2,Critical
100,4.23,Fiberglass,API 5L X52,300,24.2,17.16,6.84,161.7,17,Critical
150,8.26,Fiberglass,API 5L X42,900,107.8,16.91,1.18,14.29,10,Normal
150,9.47,Stainless Steel,API 5L X65,150,85.9,15.5,5.94,62.72,12,Critical
300,11.52,HDPE,API 5L X65,900,-11.0,12.0,4.98,43.23,5,Moderate
50,5.95,Stainless Steel,ASTM A333 Grade 6,1500,14.8,16.27,9.25,155.46,11,Critical
800,28.69,Stainless Steel,API 5L X65,600,11.4,16.63,0.91,3.17,14,Normal
250,13.4,PVC,API 5L X42,2500,69.8,3.74,0.85,6.34,14,Normal
500,19.43,Stainless Steel,ASTM A106 Grade B,600,20.9,4.03,3.7,19.04,16,Moderate
1500,34.85,PVC,API 5L X65,150,96.2,5.16,9.98,28.64,15,Critical
800,12.53,Carbon Steel,ASTM A333 Grade 6,150,6.5,6.54,1.07,8.54,23,Normal
100,6.77,PVC,ASTM A106 Grade B,600,44.7,15.9,6.22,91.88,15,Critical
300,15.05,HDPE,API 5L X42,600,37.9,6.6,5.39,35.81,12,Critical
300,15.01,HDPE,ASTM A333 Grade 6,300,92.0,16.53,4.31,28.71,10,Moderate
